age18-49,2021-12-20,64031
age50-64,2021-12-20,30562
age65,2021-12-20,17042
age12-17,2021-12-20,7543
age5-11,2021-12-20,19162
age18-49,2021-12-19,35252
age50-64,2021-12-19,15022
age65,2021-12-19,6225
age12-17,2021-12-19,3546
age5-11,2021-12-19,6159
age18-49,2021-12-18,61008
age50-64,2021-12-18,30366
age65,2021-12-18,12499
age12-17,2021-12-18,7159
age5-11,2021-12-18,20738
age18-49,2021-12-17,112338
age50-64,2021-12-17,58542
age65,2021-12-17,31406
age12-17,2021-12-17,10484
age5-11,2021-12-17,30297
age18-49,2021-12-16,104119
age50-64,2021-12-16,53790
age65,2021-12-16,32886
age12-17,2021-12-16,6543
age5-11,2021-12-16,19087
age18-49,2021-12-15,102852
age50-64,2021-12-15,52732
age65,2021-12-15,32633
age12-17,2021-12-15,7262
age5-11,2021-12-15,28391
age18-49,2021-12-14,100818
age50-64,2021-12-14,52122
age65,2021-12-14,29869
age12-17,2021-12-14,6556
age5-11,2021-12-14,28849
age18-49,2021-12-13,95935
age50-64,2021-12-13,50088
age65,2021-12-13,29746
age12-17,2021-12-13,6128
age5-11,2021-12-13,27749
age18-49,2021-12-12,31946
age50-64,2021-12-12,14956
age65,2021-12-12,6476
age12-17,2021-12-12,2525
age5-11,2021-12-12,9989
age18-49,2021-12-11,64426
age50-64,2021-12-11,32807
age65,2021-12-11,13974
age12-17,2021-12-11,6789
age5-11,2021-12-11,37167
age18-49,2021-12-10,117292
age50-64,2021-12-10,65013
age65,2021-12-10,35317
age12-17,2021-12-10,8837
age5-11,2021-12-10,45285
age18-49,2021-12-09,107378
age50-64,2021-12-09,59062
age65,2021-12-09,36581
age12-17,2021-12-09,6334
age5-11,2021-12-09,35526
age18-49,2021-12-08,106254
age50-64,2021-12-08,59795
age65,2021-12-08,39810
age12-17,2021-12-08,7216
age5-11,2021-12-08,40189
age18-49,2021-12-07,108172
age50-64,2021-12-07,62876
age65,2021-12-07,41768
age12-17,2021-12-07,6953
age5-11,2021-12-07,35564
age18-49,2021-12-06,99731
age50-64,2021-12-06,59705
age65,2021-12-06,39461
age12-17,2021-12-06,6167
age5-11,2021-12-06,32593
age18-49,2021-12-05,33932
age50-64,2021-12-05,18609
age65,2021-12-05,8308
age12-17,2021-12-05,2180
age5-11,2021-12-05,17023
age18-49,2021-12-04,66650
age50-64,2021-12-04,38403
age65,2021-12-04,17529
age12-17,2021-12-04,5195
age5-11,2021-12-04,50706
age18-49,2021-12-03,124277
age50-64,2021-12-03,76614
age65,2021-12-03,44815
age12-17,2021-12-03,8331
age5-11,2021-12-03,57963
age18-49,2021-12-02,108507
age50-64,2021-12-02,68153
age65,2021-12-02,48200
age12-17,2021-12-02,6727
age5-11,2021-12-02,44450
age18-49,2021-12-01,101063
age50-64,2021-12-01,64954
age65,2021-12-01,48971
age12-17,2021-12-01,6956
age5-11,2021-12-01,48354
age18-49,2021-11-30,87297
age50-64,2021-11-30,59843
age65,2021-11-30,47833
age12-17,2021-11-30,6372
age5-11,2021-11-30,41795
age18-49,2021-11-29,75285
age50-64,2021-11-29,51600
age65,2021-11-29,41059
age12-17,2021-11-29,5746
age5-11,2021-11-29,37716
age18-49,2021-11-28,26408
age50-64,2021-11-28,15364
age65,2021-11-28,7867
age12-17,2021-11-28,1878
age5-11,2021-11-28,12582
age18-49,2021-11-27,44988
age50-64,2021-11-27,27821
age65,2021-11-27,14598
age12-17,2021-11-27,3324
age5-11,2021-11-27,22798
age18-49,2021-11-26,63157
age50-64,2021-11-26,41133
age65,2021-11-26,23728
age12-17,2021-11-26,4551
age5-11,2021-11-26,19142
age18-49,2021-11-25,2293
age50-64,2021-11-25,1238
age65,2021-11-25,914
age12-17,2021-11-25,139
age5-11,2021-11-25,313
age18-49,2021-11-24,86148
age50-64,2021-11-24,50208
age65,2021-11-24,36175
age12-17,2021-11-24,6159
age5-11,2021-11-24,25209
age18-49,2021-11-23,96527
age50-64,2021-11-23,60794
age65,2021-11-23,50244
age12-17,2021-11-23,6729
age5-11,2021-11-23,28278
age18-49,2021-11-22,89660
age50-64,2021-11-22,59560
age65,2021-11-22,48548
age12-17,2021-11-22,6610
age5-11,2021-11-22,26428
age18-49,2021-11-21,31862
age50-64,2021-11-21,18795
age65,2021-11-21,11229
age12-17,2021-11-21,2194
age5-11,2021-11-21,8592
age18-49,2021-11-20,59631
age50-64,2021-11-20,39584
age65,2021-11-20,22781
age12-17,2021-11-20,5574
age5-11,2021-11-20,29011
age18-49,2021-11-19,102295
age50-64,2021-11-19,69985
age65,2021-11-19,54005
age12-17,2021-11-19,8595
age5-11,2021-11-19,33345
age18-49,2021-11-18,82309
age50-64,2021-11-18,56570
age65,2021-11-18,55974
age12-17,2021-11-18,6670
age5-11,2021-11-18,24761
age18-49,2021-11-17,79455
age50-64,2021-11-17,55613
age65,2021-11-17,59359
age12-17,2021-11-17,6799
age5-11,2021-11-17,29194
age18-49,2021-11-16,76405
age50-64,2021-11-16,55544
age65,2021-11-16,61778
age12-17,2021-11-16,6273
age5-11,2021-11-16,25378
age18-49,2021-11-15,68808
age50-64,2021-11-15,50104
age65,2021-11-15,56710
age12-17,2021-11-15,6088
age5-11,2021-11-15,23873
age18-49,2021-11-14,26501
age50-64,2021-11-14,16503
age65,2021-11-14,12752
age12-17,2021-11-14,2093
age5-11,2021-11-14,13230
age18-49,2021-11-13,47001
age50-64,2021-11-13,31346
age65,2021-11-13,25224
age12-17,2021-11-13,5439
age5-11,2021-11-13,39271
age18-49,2021-11-12,85471
age50-64,2021-11-12,59137
age65,2021-11-12,62598
age12-17,2021-11-12,8672
age5-11,2021-11-12,42538
age18-49,2021-11-11,65304
age50-64,2021-11-11,43686
age65,2021-11-11,56158
age12-17,2021-11-11,6824
age5-11,2021-11-11,44858
age18-49,2021-11-10,68137
age50-64,2021-11-10,44505
age65,2021-11-10,63824
age12-17,2021-11-10,7055
age5-11,2021-11-10,42224
age18-49,2021-11-09,65424
age50-64,2021-11-09,43797
age65,2021-11-09,66832
age12-17,2021-11-09,6226
age5-11,2021-11-09,34904
age18-49,2021-11-08,61496
age50-64,2021-11-08,39645
age65,2021-11-08,61913
age12-17,2021-11-08,5960
age5-11,2021-11-08,30920
age18-49,2021-11-07,23559
age50-64,2021-11-07,13627
age65,2021-11-07,14243
age12-17,2021-11-07,2201
age5-11,2021-11-07,13932
age18-49,2021-11-06,41753
age50-64,2021-11-06,27236
age65,2021-11-06,28611
age12-17,2021-11-06,5011
age5-11,2021-11-06,25686
age18-49,2021-11-05,86290
age50-64,2021-11-05,56955
age65,2021-11-05,73281
age12-17,2021-11-05,8835
age5-11,2021-11-05,17672
age18-49,2021-11-04,63901
age50-64,2021-11-04,43573
age65,2021-11-04,74892
age12-17,2021-11-04,6130
age5-11,2021-11-04,9425
age18-49,2021-11-03,59971
age50-64,2021-11-03,41971
age65,2021-11-03,77582
age12-17,2021-11-03,5878
age5-11,2021-11-03,3964
age18-49,2021-11-02,59513
age50-64,2021-11-02,41899
age65,2021-11-02,82353
age12-17,2021-11-02,5781
age5-11,2021-11-02,62
age18-49,2021-11-01,57231
age50-64,2021-11-01,40084
age65,2021-11-01,74429
age12-17,2021-11-01,6350
age5-11,2021-11-01,30
age18-49,2021-10-31,18616
age50-64,2021-10-31,13137
age65,2021-10-31,16873
age12-17,2021-10-31,2149
age5-11,2021-10-31,3
age18-49,2021-10-30,34730
age50-64,2021-10-30,27387
age65,2021-10-30,35899
age12-17,2021-10-30,5242
age5-11,2021-10-30,9
age18-49,2021-10-29,70405
age50-64,2021-10-29,53181
age65,2021-10-29,86742
age12-17,2021-10-29,8267
age5-11,2021-10-29,19
age18-49,2021-10-28,53075
age50-64,2021-10-28,38976
age65,2021-10-28,84340
age12-17,2021-10-28,5681
age5-11,2021-10-28,14
age18-49,2021-10-27,53022
age50-64,2021-10-27,37601
age65,2021-10-27,85732
age12-17,2021-10-27,5953
age5-11,2021-10-27,17
age18-49,2021-10-26,50733
age50-64,2021-10-26,36808
age65,2021-10-26,87054
age12-17,2021-10-26,5668
age5-11,2021-10-26,7
age18-49,2021-10-25,51066
age50-64,2021-10-25,34473
age65,2021-10-25,71677
age12-17,2021-10-25,5966
age5-11,2021-10-25,5
age18-49,2021-10-24,16934
age50-64,2021-10-24,10807
age65,2021-10-24,17008
age12-17,2021-10-24,2705
age5-11,2021-10-24,11
age18-49,2021-10-23,30812
age50-64,2021-10-23,20995
age65,2021-10-23,34813
age12-17,2021-10-23,6098
age5-11,2021-10-23,6
age18-49,2021-10-22,56752
age50-64,2021-10-22,35237
age65,2021-10-22,61989
age12-17,2021-10-22,8768
age5-11,2021-10-22,11
age18-49,2021-10-21,39000
age50-64,2021-10-21,20154
age65,2021-10-21,31747
age12-17,2021-10-21,5736
age5-11,2021-10-21,8
age18-49,2021-10-20,37601
age50-64,2021-10-20,18663
age65,2021-10-20,30864
age12-17,2021-10-20,5770
age5-11,2021-10-20,5
age18-49,2021-10-19,37905
age50-64,2021-10-19,19159
age65,2021-10-19,32687
age12-17,2021-10-19,6101
age5-11,2021-10-19,19
age18-49,2021-10-18,42239
age50-64,2021-10-18,19930
age65,2021-10-18,31137
age12-17,2021-10-18,6619
age5-11,2021-10-18,5
age18-49,2021-10-17,15403
age50-64,2021-10-17,6401
age65,2021-10-17,6058
age12-17,2021-10-17,2767
age5-11,2021-10-17,1
age18-49,2021-10-16,26112
age50-64,2021-10-16,12644
age65,2021-10-16,13973
age12-17,2021-10-16,6344
age5-11,2021-10-16,5
age18-49,2021-10-15,53674
age50-64,2021-10-15,26508
age65,2021-10-15,35795
age12-17,2021-10-15,10363
age5-11,2021-10-15,14
age18-49,2021-10-14,41331
age50-64,2021-10-14,19696
age65,2021-10-14,33612
age12-17,2021-10-14,6188
age5-11,2021-10-14,10
age18-49,2021-10-13,41559
age50-64,2021-10-13,18774
age65,2021-10-13,32939
age12-17,2021-10-13,6453
age5-11,2021-10-13,20
age18-49,2021-10-12,42765
age50-64,2021-10-12,19639
age65,2021-10-12,37141
age12-17,2021-10-12,6368
age5-11,2021-10-12,37
age18-49,2021-10-11,44360
age50-64,2021-10-11,19829
age65,2021-10-11,35705
age12-17,2021-10-11,7129
age5-11,2021-10-11,16
age18-49,2021-10-10,17488
age50-64,2021-10-10,6705
age65,2021-10-10,7807
age12-17,2021-10-10,3644
age5-11,2021-10-10,15
age18-49,2021-10-09,28827
age50-64,2021-10-09,12685
age65,2021-10-09,16185
age12-17,2021-10-09,7709
age5-11,2021-10-09,15
age18-49,2021-10-08,60463
age50-64,2021-10-08,28052
age65,2021-10-08,42591
age12-17,2021-10-08,11852
age5-11,2021-10-08,19
age18-49,2021-10-07,46950
age50-64,2021-10-07,20726
age65,2021-10-07,42512
age12-17,2021-10-07,7169
age5-11,2021-10-07,7
age18-49,2021-10-06,43667
age50-64,2021-10-06,18170
age65,2021-10-06,40178
age12-17,2021-10-06,7425
age5-11,2021-10-06,10
age18-49,2021-10-05,43865
age50-64,2021-10-05,17724
age65,2021-10-05,42669
age12-17,2021-10-05,7454
age5-11,2021-10-05,7
age18-49,2021-10-04,43268
age50-64,2021-10-04,17464
age65,2021-10-04,42286
age12-17,2021-10-04,8126
age5-11,2021-10-04,11
age18-49,2021-10-03,17931
age50-64,2021-10-03,6422
age65,2021-10-03,9618
age12-17,2021-10-03,4463
age5-11,2021-10-03,7
age18-49,2021-10-02,28840
age50-64,2021-10-02,11623
age65,2021-10-02,18764
age12-17,2021-10-02,8922
age5-11,2021-10-02,9
age18-49,2021-10-01,59419
age50-64,2021-10-01,24988
age65,2021-10-01,49076
age12-17,2021-10-01,12442
age5-11,2021-10-01,33
age18-49,2021-09-30,52962
age50-64,2021-09-30,20479
age65,2021-09-30,50541
age12-17,2021-09-30,8186
age5-11,2021-09-30,33
age18-49,2021-09-29,51418
age50-64,2021-09-29,19337
age65,2021-09-29,50772
age12-17,2021-09-29,8012
age5-11,2021-09-29,23
age18-49,2021-09-28,49770
age50-64,2021-09-28,18824
age65,2021-09-28,52973
age12-17,2021-09-28,8248
age5-11,2021-09-28,20
age18-49,2021-09-27,42224
age50-64,2021-09-27,16311
age65,2021-09-27,53978
age12-17,2021-09-27,6623
age5-11,2021-09-27,2
age18-49,2021-09-26,16612
age50-64,2021-09-26,5760
age65,2021-09-26,13082
age12-17,2021-09-26,4068
age5-11,2021-09-26,3
age18-49,2021-09-25,28047
age50-64,2021-09-25,10479
age65,2021-09-25,23135
age12-17,2021-09-25,9503
age5-11,2021-09-25,10
age18-49,2021-09-24,48950
age50-64,2021-09-24,16072
age65,2021-09-24,29096
age12-17,2021-09-24,14595
age5-11,2021-09-24,31
age18-49,2021-09-23,39117
age50-64,2021-09-23,11326
age65,2021-09-23,13322
age12-17,2021-09-23,8460
age5-11,2021-09-23,15
age18-49,2021-09-22,40977
age50-64,2021-09-22,11131
age65,2021-09-22,10845
age12-17,2021-09-22,9396
age5-11,2021-09-22,26
age18-49,2021-09-21,41794
age50-64,2021-09-21,11564
age65,2021-09-21,11634
age12-17,2021-09-21,9514
age5-11,2021-09-21,25
age18-49,2021-09-20,45639
age50-64,2021-09-20,12408
age65,2021-09-20,12464
age12-17,2021-09-20,9995
age5-11,2021-09-20,28
age18-49,2021-09-19,19097
age50-64,2021-09-19,4737
age65,2021-09-19,3729
age12-17,2021-09-19,5275
age5-11,2021-09-19,12
age18-49,2021-09-18,30730
age50-64,2021-09-18,8536
age65,2021-09-18,5962
age12-17,2021-09-18,11914
age5-11,2021-09-18,22
age18-49,2021-09-17,53600
age50-64,2021-09-17,15219
age65,2021-09-17,11151
age12-17,2021-09-17,16720
age5-11,2021-09-17,34
age18-49,2021-09-16,48614
age50-64,2021-09-16,12977
age65,2021-09-16,10122
age12-17,2021-09-16,11283
age5-11,2021-09-16,20
age18-49,2021-09-15,46881
age50-64,2021-09-15,12536
age65,2021-09-15,9581
age12-17,2021-09-15,11281
age5-11,2021-09-15,29
age18-49,2021-09-14,47715
age50-64,2021-09-14,12818
age65,2021-09-14,9867
age12-17,2021-09-14,10666
age5-11,2021-09-14,19
age18-49,2021-09-13,49785
age50-64,2021-09-13,13697
age65,2021-09-13,10108
age12-17,2021-09-13,11420
age5-11,2021-09-13,27
age18-49,2021-09-12,20749
age50-64,2021-09-12,5309
age65,2021-09-12,3262
age12-17,2021-09-12,6258
age5-11,2021-09-12,12
age18-49,2021-09-11,33610
age50-64,2021-09-11,9596
age65,2021-09-11,5579
age12-17,2021-09-11,14779
age5-11,2021-09-11,24
age18-49,2021-09-10,59237
age50-64,2021-09-10,17281
age65,2021-09-10,12385
age12-17,2021-09-10,19848
age5-11,2021-09-10,49
age18-49,2021-09-09,50265
age50-64,2021-09-09,14407
age65,2021-09-09,12339
age12-17,2021-09-09,12181
age5-11,2021-09-09,34
age18-49,2021-09-08,50472
age50-64,2021-09-08,14225
age65,2021-09-08,11912
age12-17,2021-09-08,13238
age5-11,2021-09-08,29
age18-49,2021-09-07,55845
age50-64,2021-09-07,15999
age65,2021-09-07,12576
age12-17,2021-09-07,14954
age5-11,2021-09-07,39
age18-49,2021-09-06,11302
age50-64,2021-09-06,3114
age65,2021-09-06,2075
age12-17,2021-09-06,3124
age5-11,2021-09-06,5
age18-49,2021-09-05,21188
age50-64,2021-09-05,5902
age65,2021-09-05,3961
age12-17,2021-09-05,7234
age5-11,2021-09-05,22
age18-49,2021-09-04,32463
age50-64,2021-09-04,9941
age65,2021-09-04,6514
age12-17,2021-09-04,15500
age5-11,2021-09-04,32
age18-49,2021-09-03,60557
age50-64,2021-09-03,19162
age65,2021-09-03,15268
age12-17,2021-09-03,24047
age5-11,2021-09-03,52
age18-49,2021-09-02,50570
age50-64,2021-09-02,15433
age65,2021-09-02,14482
age12-17,2021-09-02,14342
age5-11,2021-09-02,20
age18-49,2021-09-01,52464
age50-64,2021-09-01,15952
age65,2021-09-01,14378
age12-17,2021-09-01,15712
age5-11,2021-09-01,31
age18-49,2021-08-31,53962
age50-64,2021-08-31,16408
age65,2021-08-31,14504
age12-17,2021-08-31,16597
age5-11,2021-08-31,36
age18-49,2021-08-30,55248
age50-64,2021-08-30,16653
age65,2021-08-30,13733
age12-17,2021-08-30,16802
age5-11,2021-08-30,33
age18-49,2021-08-29,23439
age50-64,2021-08-29,6506
age65,2021-08-29,4626
age12-17,2021-08-29,8287
age5-11,2021-08-29,24
age18-49,2021-08-28,38978
age50-64,2021-08-28,11851
age65,2021-08-28,7906
age12-17,2021-08-28,19470
age5-11,2021-08-28,44
age18-49,2021-08-27,66703
age50-64,2021-08-27,20870
age65,2021-08-27,15114
age12-17,2021-08-27,26498
age5-11,2021-08-27,57
age18-49,2021-08-26,56545
age50-64,2021-08-26,16898
age65,2021-08-26,13821
age12-17,2021-08-26,17535
age5-11,2021-08-26,31
age18-49,2021-08-25,55690
age50-64,2021-08-25,16371
age65,2021-08-25,13132
age12-17,2021-08-25,18193
age5-11,2021-08-25,35
age18-49,2021-08-24,57935
age50-64,2021-08-24,17370
age65,2021-08-24,13667
age12-17,2021-08-24,18392
age5-11,2021-08-24,37
age18-49,2021-08-23,58012
age50-64,2021-08-23,17569
age65,2021-08-23,13488
age12-17,2021-08-23,17558
age5-11,2021-08-23,32
age18-49,2021-08-22,23480
age50-64,2021-08-22,6556
age65,2021-08-22,4311
age12-17,2021-08-22,7997
age5-11,2021-08-22,24
age18-49,2021-08-21,37925
age50-64,2021-08-21,12091
age65,2021-08-21,7717
age12-17,2021-08-21,18568
age5-11,2021-08-21,35
age18-49,2021-08-20,65563
age50-64,2021-08-20,21283
age65,2021-08-20,14866
age12-17,2021-08-20,25896
age5-11,2021-08-20,52
age18-49,2021-08-19,55542
age50-64,2021-08-19,16803
age65,2021-08-19,13125
age12-17,2021-08-19,16885
age5-11,2021-08-19,28
age18-49,2021-08-18,55671
age50-64,2021-08-18,16652
age65,2021-08-18,12457
age12-17,2021-08-18,17899
age5-11,2021-08-18,24
age18-49,2021-08-17,56015
age50-64,2021-08-17,16750
age65,2021-08-17,11388
age12-17,2021-08-17,18818
age5-11,2021-08-17,41
age18-49,2021-08-16,54015
age50-64,2021-08-16,16007
age65,2021-08-16,10353
age12-17,2021-08-16,17418
age5-11,2021-08-16,23
age18-49,2021-08-15,22513
age50-64,2021-08-15,6369
age65,2021-08-15,3516
age12-17,2021-08-15,8338
age5-11,2021-08-15,26
age18-49,2021-08-14,38087
age50-64,2021-08-14,11760
age65,2021-08-14,5400
age12-17,2021-08-14,18008
age5-11,2021-08-14,46
age18-49,2021-08-13,61479
age50-64,2021-08-13,17748
age65,2021-08-13,6685
age12-17,2021-08-13,26560
age5-11,2021-08-13,47
age18-49,2021-08-12,50634
age50-64,2021-08-12,14165
age65,2021-08-12,5762
age12-17,2021-08-12,19128
age5-11,2021-08-12,38
age18-49,2021-08-11,46959
age50-64,2021-08-11,13163
age65,2021-08-11,5129
age12-17,2021-08-11,19399
age5-11,2021-08-11,26
age18-49,2021-08-10,50303
age50-64,2021-08-10,13718
age65,2021-08-10,5634
age12-17,2021-08-10,22406
age5-11,2021-08-10,35
age18-49,2021-08-09,48410
age50-64,2021-08-09,13336
age65,2021-08-09,5106
age12-17,2021-08-09,21978
age5-11,2021-08-09,38
age18-49,2021-08-08,20392
age50-64,2021-08-08,5313
age65,2021-08-08,1658
age12-17,2021-08-08,8135
age5-11,2021-08-08,18
age18-49,2021-08-07,35229
age50-64,2021-08-07,10029
age65,2021-08-07,3044
age12-17,2021-08-07,16441
age5-11,2021-08-07,41
age18-49,2021-08-06,57209
age50-64,2021-08-06,16826
age65,2021-08-06,6046
age12-17,2021-08-06,25972
age5-11,2021-08-06,37
age18-49,2021-08-05,47559
age50-64,2021-08-05,13121
age65,2021-08-05,5471
age12-17,2021-08-05,21070
age5-11,2021-08-05,37
age18-49,2021-08-04,46996
age50-64,2021-08-04,12720
age65,2021-08-04,5361
age12-17,2021-08-04,20667
age5-11,2021-08-04,29
age18-49,2021-08-03,49347
age50-64,2021-08-03,13634
age65,2021-08-03,5524
age12-17,2021-08-03,22302
age5-11,2021-08-03,32
age18-49,2021-08-02,44270
age50-64,2021-08-02,12327
age65,2021-08-02,4828
age12-17,2021-08-02,19556
age5-11,2021-08-02,22
age18-49,2021-08-01,17813
age50-64,2021-08-01,4644
age65,2021-08-01,1512
age12-17,2021-08-01,6728
age5-11,2021-08-01,19
age18-49,2021-07-31,33629
age50-64,2021-07-31,9686
age65,2021-07-31,3059
age12-17,2021-07-31,14248
age5-11,2021-07-31,34
age18-49,2021-07-30,53365
age50-64,2021-07-30,16088
age65,2021-07-30,5909
age12-17,2021-07-30,22653
age5-11,2021-07-30,36
age18-49,2021-07-29,44970
age50-64,2021-07-29,12742
age65,2021-07-29,5538
age12-17,2021-07-29,19311
age5-11,2021-07-29,34
age18-49,2021-07-28,47055
age50-64,2021-07-28,13306
age65,2021-07-28,5543
age12-17,2021-07-28,19443
age5-11,2021-07-28,19
age18-49,2021-07-27,46554
age50-64,2021-07-27,13598
age65,2021-07-27,5613
age12-17,2021-07-27,20088
age5-11,2021-07-27,28
age18-49,2021-07-26,40235
age50-64,2021-07-26,11890
age65,2021-07-26,4580
age12-17,2021-07-26,15771
age5-11,2021-07-26,23
age18-49,2021-07-25,15100
age50-64,2021-07-25,4133
age65,2021-07-25,1254
age12-17,2021-07-25,5335
age5-11,2021-07-25,14
age18-49,2021-07-24,31479
age50-64,2021-07-24,9957
age65,2021-07-24,3062
age12-17,2021-07-24,12108
age5-11,2021-07-24,24
age18-49,2021-07-23,49913
age50-64,2021-07-23,15678
age65,2021-07-23,5816
age12-17,2021-07-23,21467
age5-11,2021-07-23,38
age18-49,2021-07-22,42390
age50-64,2021-07-22,12685
age65,2021-07-22,5268
age12-17,2021-07-22,18194
age5-11,2021-07-22,28
age18-49,2021-07-21,42084
age50-64,2021-07-21,12637
age65,2021-07-21,5095
age12-17,2021-07-21,18446
age5-11,2021-07-21,26
age18-49,2021-07-20,43003
age50-64,2021-07-20,12862
age65,2021-07-20,5073
age12-17,2021-07-20,19185
age5-11,2021-07-20,28
age18-49,2021-07-19,37580
age50-64,2021-07-19,11258
age65,2021-07-19,4252
age12-17,2021-07-19,17334
age5-11,2021-07-19,24
age18-49,2021-07-18,15543
age50-64,2021-07-18,4035
age65,2021-07-18,1216
age12-17,2021-07-18,6085
age5-11,2021-07-18,15
age18-49,2021-07-17,30439
age50-64,2021-07-17,9362
age65,2021-07-17,2837
age12-17,2021-07-17,13536
age5-11,2021-07-17,25
age18-49,2021-07-16,46549
age50-64,2021-07-16,14275
age65,2021-07-16,5191
age12-17,2021-07-16,20745
age5-11,2021-07-16,27
age18-49,2021-07-15,38485
age50-64,2021-07-15,10975
age65,2021-07-15,4585
age12-17,2021-07-15,17427
age5-11,2021-07-15,31
age18-49,2021-07-14,38071
age50-64,2021-07-14,11105
age65,2021-07-14,4586
age12-17,2021-07-14,16971
age5-11,2021-07-14,24
age18-49,2021-07-13,39790
age50-64,2021-07-13,11144
age65,2021-07-13,4662
age12-17,2021-07-13,17911
age5-11,2021-07-13,17
age18-49,2021-07-12,37070
age50-64,2021-07-12,10649
age65,2021-07-12,4123
age12-17,2021-07-12,17347
age5-11,2021-07-12,16
age18-49,2021-07-11,14158
age50-64,2021-07-11,3796
age65,2021-07-11,1182
age12-17,2021-07-11,5510
age5-11,2021-07-11,8
age18-49,2021-07-10,29419
age50-64,2021-07-10,8788
age65,2021-07-10,2604
age12-17,2021-07-10,13667
age5-11,2021-07-10,17
age18-49,2021-07-09,46680
age50-64,2021-07-09,14231
age65,2021-07-09,5200
age12-17,2021-07-09,20677
age5-11,2021-07-09,25
age18-49,2021-07-08,39586
age50-64,2021-07-08,11643
age65,2021-07-08,4954
age12-17,2021-07-08,18217
age5-11,2021-07-08,35
age18-49,2021-07-07,41705
age50-64,2021-07-07,11740
age65,2021-07-07,5060
age12-17,2021-07-07,19441
age5-11,2021-07-07,20
age18-49,2021-07-06,47457
age50-64,2021-07-06,14278
age65,2021-07-06,5819
age12-17,2021-07-06,23392
age5-11,2021-07-06,23
age18-49,2021-07-05,23760
age50-64,2021-07-05,7266
age65,2021-07-05,2580
age12-17,2021-07-05,9405
age5-11,2021-07-05,21
age18-49,2021-07-04,2147
age50-64,2021-07-04,777
age65,2021-07-04,226
age12-17,2021-07-04,594
age18-49,2021-07-03,26398
age50-64,2021-07-03,8322
age65,2021-07-03,2558
age12-17,2021-07-03,11511
age5-11,2021-07-03,19
age18-49,2021-07-02,46272
age50-64,2021-07-02,14747
age65,2021-07-02,5501
age12-17,2021-07-02,22569
age5-11,2021-07-02,32
age18-49,2021-07-01,41643
age50-64,2021-07-01,12214
age65,2021-07-01,5164
age12-17,2021-07-01,19956
age5-11,2021-07-01,29
age18-49,2021-06-30,44340
age50-64,2021-06-30,12877
age65,2021-06-30,5419
age12-17,2021-06-30,21244
age5-11,2021-06-30,33
age18-49,2021-06-29,46666
age50-64,2021-06-29,13963
age65,2021-06-29,5408
age12-17,2021-06-29,22351
age5-11,2021-06-29,42
age18-49,2021-06-28,39274
age50-64,2021-06-28,11309
age65,2021-06-28,4074
age12-17,2021-06-28,20938
age5-11,2021-06-28,31
age18-49,2021-06-27,18574
age50-64,2021-06-27,5091
age65,2021-06-27,1438
age12-17,2021-06-27,7975
age5-11,2021-06-27,17
age18-49,2021-06-26,37069
age50-64,2021-06-26,11345
age65,2021-06-26,3369
age12-17,2021-06-26,19617
age5-11,2021-06-26,34
age18-49,2021-06-25,57980
age50-64,2021-06-25,18044
age65,2021-06-25,6286
age12-17,2021-06-25,28537
age5-11,2021-06-25,28
age18-49,2021-06-24,51137
age50-64,2021-06-24,15311
age65,2021-06-24,6053
age12-17,2021-06-24,23217
age5-11,2021-06-24,25
age18-49,2021-06-23,52614
age50-64,2021-06-23,15031
age65,2021-06-23,6171
age12-17,2021-06-23,24846
age5-11,2021-06-23,31
age18-49,2021-06-22,55995
age50-64,2021-06-22,16319
age65,2021-06-22,6515
age12-17,2021-06-22,26541
age5-11,2021-06-22,30
age18-49,2021-06-21,41685
age50-64,2021-06-21,12038
age65,2021-06-21,4402
age12-17,2021-06-21,16950
age5-11,2021-06-21,26
age18-49,2021-06-20,18049
age50-64,2021-06-20,4922
age65,2021-06-20,1457
age12-17,2021-06-20,8084
age5-11,2021-06-20,6
age18-49,2021-06-19,41284
age50-64,2021-06-19,12479
age65,2021-06-19,3593
age12-17,2021-06-19,22769
age5-11,2021-06-19,32
age18-49,2021-06-18,69759
age50-64,2021-06-18,20763
age65,2021-06-18,7077
age12-17,2021-06-18,37582
age5-11,2021-06-18,42
age18-49,2021-06-17,62676
age50-64,2021-06-17,17778
age65,2021-06-17,6909
age12-17,2021-06-17,32587
age5-11,2021-06-17,55
age18-49,2021-06-16,64397
age50-64,2021-06-16,18217
age65,2021-06-16,7278
age12-17,2021-06-16,36364
age5-11,2021-06-16,44
age18-49,2021-06-15,71437
age50-64,2021-06-15,20865
age65,2021-06-15,8226
age12-17,2021-06-15,36915
age5-11,2021-06-15,44
age18-49,2021-06-14,59638
age50-64,2021-06-14,17851
age65,2021-06-14,6561
age12-17,2021-06-14,35956
age5-11,2021-06-14,48
age18-49,2021-06-13,22527
age50-64,2021-06-13,6707
age65,2021-06-13,1862
age12-17,2021-06-13,15422
age5-11,2021-06-13,21
age18-49,2021-06-12,54287
age50-64,2021-06-12,17019
age65,2021-06-12,4921
age12-17,2021-06-12,43680
age5-11,2021-06-12,50
age18-49,2021-06-11,78186
age50-64,2021-06-11,24791
age65,2021-06-11,8702
age12-17,2021-06-11,54442
age5-11,2021-06-11,65
age18-49,2021-06-10,70257
age50-64,2021-06-10,21756
age65,2021-06-10,8563
age12-17,2021-06-10,52222
age5-11,2021-06-10,61
age18-49,2021-06-09,71538
age50-64,2021-06-09,21517
age65,2021-06-09,8357
age12-17,2021-06-09,57457
age5-11,2021-06-09,55
age18-49,2021-06-08,73772
age50-64,2021-06-08,22749
age65,2021-06-08,8654
age12-17,2021-06-08,59066
age5-11,2021-06-08,72
age18-49,2021-06-07,61190
age50-64,2021-06-07,19069
age65,2021-06-07,7024
age12-17,2021-06-07,54432
age5-11,2021-06-07,60
age18-49,2021-06-06,24704
age50-64,2021-06-06,7293
age65,2021-06-06,1956
age12-17,2021-06-06,32267
age5-11,2021-06-06,50
age18-49,2021-06-05,64873
age50-64,2021-06-05,20489
age65,2021-06-05,5812
age12-17,2021-06-05,71838
age5-11,2021-06-05,84
age18-49,2021-06-04,90281
age50-64,2021-06-04,29947
age65,2021-06-04,9769
age12-17,2021-06-04,77214
age5-11,2021-06-04,84
age18-49,2021-06-03,81601
age50-64,2021-06-03,25936
age65,2021-06-03,9527
age12-17,2021-06-03,60496
age5-11,2021-06-03,81
age18-49,2021-06-02,86141
age50-64,2021-06-02,27267
age65,2021-06-02,9940
age12-17,2021-06-02,25021
age5-11,2021-06-02,40
age18-49,2021-06-01,105797
age50-64,2021-06-01,34255
age65,2021-06-01,12102
age12-17,2021-06-01,23532
age5-11,2021-06-01,37
age18-49,2021-05-31,13219
age50-64,2021-05-31,4281
age65,2021-05-31,1511
age12-17,2021-05-31,2092
age5-11,2021-05-31,1
age18-49,2021-05-30,29945
age50-64,2021-05-30,9194
age65,2021-05-30,2526
age12-17,2021-05-30,7459
age5-11,2021-05-30,8
age18-49,2021-05-29,65710
age50-64,2021-05-29,20980
age65,2021-05-29,5839
age12-17,2021-05-29,18472
age5-11,2021-05-29,15
age18-49,2021-05-28,114765
age50-64,2021-05-28,37418
age65,2021-05-28,11694
age12-17,2021-05-28,32649
age5-11,2021-05-28,43
age18-49,2021-05-27,107346
age50-64,2021-05-27,33668
age65,2021-05-27,11812
age12-17,2021-05-27,26415
age5-11,2021-05-27,37
age18-49,2021-05-26,114870
age50-64,2021-05-26,35011
age65,2021-05-26,12061
age12-17,2021-05-26,30146
age5-11,2021-05-26,44
age18-49,2021-05-25,118816
age50-64,2021-05-25,37608
age65,2021-05-25,12636
age12-17,2021-05-25,28135
age5-11,2021-05-25,33
age18-49,2021-05-24,106957
age50-64,2021-05-24,34189
age65,2021-05-24,11031
age12-17,2021-05-24,26038
age5-11,2021-05-24,45
age18-49,2021-05-23,54341
age50-64,2021-05-23,15938
age65,2021-05-23,4131
age12-17,2021-05-23,19466
age5-11,2021-05-23,18
age18-49,2021-05-22,118935
age50-64,2021-05-22,36711
age65,2021-05-22,9267
age12-17,2021-05-22,47622
age5-11,2021-05-22,43
age18-49,2021-05-21,173157
age50-64,2021-05-21,54114
age65,2021-05-21,15621
age12-17,2021-05-21,51776
age5-11,2021-05-21,58
age18-49,2021-05-20,161719
age50-64,2021-05-20,50119
age65,2021-05-20,15846
age12-17,2021-05-20,47997
age5-11,2021-05-20,41
age18-49,2021-05-19,163969
age50-64,2021-05-19,48830
age65,2021-05-19,15564
age12-17,2021-05-19,58996
age5-11,2021-05-19,66
age18-49,2021-05-18,171628
age50-64,2021-05-18,51075
age65,2021-05-18,15928
age12-17,2021-05-18,54656
age5-11,2021-05-18,70
age18-49,2021-05-17,142586
age50-64,2021-05-17,42562
age65,2021-05-17,12662
age12-17,2021-05-17,51718
age5-11,2021-05-17,60
age18-49,2021-05-16,78288
age50-64,2021-05-16,20651
age65,2021-05-16,4657
age12-17,2021-05-16,42740
age5-11,2021-05-16,53
age18-49,2021-05-15,154714
age50-64,2021-05-15,45071
age65,2021-05-15,10897
age12-17,2021-05-15,79750
age5-11,2021-05-15,79
age18-49,2021-05-14,201037
age50-64,2021-05-14,60417
age65,2021-05-14,16415
age12-17,2021-05-14,77170
age5-11,2021-05-14,88
age18-49,2021-05-13,187798
age65,2021-05-13,16172
age50-64,2021-05-13,55384
age12-17,2021-05-13,69603
age5-11,2021-05-13,102
age18-49,2021-05-12,181773
age65,2021-05-12,16936
age50-64,2021-05-12,59321
age12-17,2021-05-12,24277
age5-11,2021-05-12,34
age18-49,2021-05-11,187908
age65,2021-05-11,17248
age50-64,2021-05-11,63491
age12-17,2021-05-11,17041
age5-11,2021-05-11,19
age18-49,2021-05-10,141238
age65,2021-05-10,12894
age50-64,2021-05-10,48714
age12-17,2021-05-10,12525
age5-11,2021-05-10,16
age18-49,2021-05-09,69218
age65,2021-05-09,3874
age50-64,2021-05-09,17619
age12-17,2021-05-09,8822
age5-11,2021-05-09,2
age18-49,2021-05-08,159786
age65,2021-05-08,10756
age50-64,2021-05-08,52715
age12-17,2021-05-08,19550
age5-11,2021-05-08,6
age18-49,2021-05-07,238576
age65,2021-05-07,19363
age50-64,2021-05-07,86482
age12-17,2021-05-07,21843
age5-11,2021-05-07,24
age18-49,2021-05-06,239560
age65,2021-05-06,21048
age50-64,2021-05-06,87875
age12-17,2021-05-06,20502
age5-11,2021-05-06,19
age18-49,2021-05-05,215326
age65,2021-05-05,22295
age50-64,2021-05-05,96487
age12-17,2021-05-05,17064
age5-11,2021-05-05,32
age18-49,2021-05-04,202459
age65,2021-05-04,21987
age50-64,2021-05-04,101246
age12-17,2021-05-04,13282
age5-11,2021-05-04,31
age18-49,2021-05-03,146767
age65,2021-05-03,16383
age50-64,2021-05-03,85505
age12-17,2021-05-03,9980
age5-11,2021-05-03,24
age18-49,2021-05-02,74926
age65,2021-05-02,6190
age50-64,2021-05-02,34210
age12-17,2021-05-02,6802
age5-11,2021-05-02,7
age18-49,2021-05-01,154979
age65,2021-05-01,13970
age50-64,2021-05-01,79711
age12-17,2021-05-01,14846
age5-11,2021-05-01,6
age18-49,2021-04-30,229271
age65,2021-04-30,24710
age50-64,2021-04-30,128594
age12-17,2021-04-30,16855
age5-11,2021-04-30,23
age18-49,2021-04-29,214741
age65,2021-04-29,26085
age50-64,2021-04-29,129307
age12-17,2021-04-29,14866
age5-11,2021-04-29,33
age18-49,2021-04-28,216157
age65,2021-04-28,26413
age50-64,2021-04-28,116568
age12-17,2021-04-28,15014
age5-11,2021-04-28,52
age18-49,2021-04-27,220370
age65,2021-04-27,26891
age50-64,2021-04-27,127400
age12-17,2021-04-27,13205
age5-11,2021-04-27,47
age18-49,2021-04-26,180680
age65,2021-04-26,21920
age50-64,2021-04-26,102358
age12-17,2021-04-26,11790
age5-11,2021-04-26,42
age18-49,2021-04-25,95764
age65,2021-04-25,7898
age50-64,2021-04-25,43005
age12-17,2021-04-25,9782
age5-11,2021-04-25,2
age18-49,2021-04-24,202248
age65,2021-04-24,17824
age50-64,2021-04-24,101035
age12-17,2021-04-24,18986
age5-11,2021-04-24,7
age18-49,2021-04-23,272204
age65,2021-04-23,29696
age50-64,2021-04-23,145935
age12-17,2021-04-23,18416
age5-11,2021-04-23,36
age18-49,2021-04-22,274474
age65,2021-04-22,31265
age50-64,2021-04-22,151034
age12-17,2021-04-22,17247
age5-11,2021-04-22,47
age18-49,2021-04-21,278376
age65,2021-04-21,30562
age50-64,2021-04-21,126289
age12-17,2021-04-21,20916
age5-11,2021-04-21,36
age18-49,2021-04-20,264660
age65,2021-04-20,28903
age50-64,2021-04-20,118962
age12-17,2021-04-20,16871
age5-11,2021-04-20,32
age18-49,2021-04-19,200699
age65,2021-04-19,23560
age50-64,2021-04-19,93950
age12-17,2021-04-19,13038
age5-11,2021-04-19,32
age18-49,2021-04-18,107017
age65,2021-04-18,8264
age50-64,2021-04-18,43701
age12-17,2021-04-18,9411
age5-11,2021-04-18,4
age18-49,2021-04-17,226182
age65,2021-04-17,20737
age50-64,2021-04-17,91295
age12-17,2021-04-17,19411
age5-11,2021-04-17,24
age18-49,2021-04-16,307996
age65,2021-04-16,34066
age50-64,2021-04-16,134197
age12-17,2021-04-16,19489
age5-11,2021-04-16,53
age18-49,2021-04-15,319612
age65,2021-04-15,36727
age50-64,2021-04-15,133867
age12-17,2021-04-15,19037
age5-11,2021-04-15,34
age18-49,2021-04-14,276825
age65,2021-04-14,36140
age50-64,2021-04-14,141755
age12-17,2021-04-14,14120
age5-11,2021-04-14,33
age18-49,2021-04-13,261693
age65,2021-04-13,35671
age50-64,2021-04-13,140333
age12-17,2021-04-13,11087
age5-11,2021-04-13,36
age18-49,2021-04-12,193846
age65,2021-04-12,32137
age50-64,2021-04-12,119921
age12-17,2021-04-12,7620
age5-11,2021-04-12,21
age18-49,2021-04-11,115317
age65,2021-04-11,13247
age50-64,2021-04-11,62194
age12-17,2021-04-11,5038
age5-11,2021-04-11,1
age18-49,2021-04-10,215204
age65,2021-04-10,32943
age50-64,2021-04-10,129226
age12-17,2021-04-10,7515
age5-11,2021-04-10,3
age18-49,2021-04-09,276340
age65,2021-04-09,48877
age50-64,2021-04-09,181144
age12-17,2021-04-09,9823
age5-11,2021-04-09,16
age18-49,2021-04-08,265557
age65,2021-04-08,53157
age50-64,2021-04-08,192327
age12-17,2021-04-08,9111
age5-11,2021-04-08,31
age18-49,2021-04-07,249173
age65,2021-04-07,50385
age50-64,2021-04-07,185373
age12-17,2021-04-07,8283
age5-11,2021-04-07,13
age18-49,2021-04-06,230465
age65,2021-04-06,52181
age50-64,2021-04-06,186981
age12-17,2021-04-06,6885
age5-11,2021-04-06,11
age65,2021-04-05,43075
age18-49,2021-04-05,172057
age50-64,2021-04-05,150896
age12-17,2021-04-05,4766
age5-11,2021-04-05,4
age65,2021-04-04,13229
age18-49,2021-04-04,71534
age50-64,2021-04-04,50039
age12-17,2021-04-04,1848
age5-11,2021-04-04,3
age65,2021-04-03,35206
age18-49,2021-04-03,172378
age50-64,2021-04-03,130447
age12-17,2021-04-03,4804
age5-11,2021-04-03,6
age65,2021-04-02,62133
age18-49,2021-04-02,234166
age50-64,2021-04-02,193787
age12-17,2021-04-02,5789
age5-11,2021-04-02,21
age65,2021-04-01,70286
age18-49,2021-04-01,232182
age50-64,2021-04-01,207007
age12-17,2021-04-01,6164
age5-11,2021-04-01,14
age65,2021-03-31,71724
age18-49,2021-03-31,220563
age50-64,2021-03-31,146449
age12-17,2021-03-31,5981
age5-11,2021-03-31,15
age65,2021-03-30,70150
age18-49,2021-03-30,205667
age50-64,2021-03-30,137069
age12-17,2021-03-30,5278
age5-11,2021-03-30,9
age65,2021-03-29,56028
age18-49,2021-03-29,162660
age50-64,2021-03-29,104089
age12-17,2021-03-29,4003
age5-11,2021-03-29,6
age65,2021-03-28,27568
age18-49,2021-03-28,93442
age50-64,2021-03-28,53272
age12-17,2021-03-28,2624
age5-11,2021-03-28,8
age65,2021-03-27,56810
age18-49,2021-03-27,165318
age50-64,2021-03-27,101317
age12-17,2021-03-27,3554
age5-11,2021-03-27,6
age65,2021-03-26,85760
age18-49,2021-03-26,223972
age50-64,2021-03-26,141552
age12-17,2021-03-26,4395
age5-11,2021-03-26,9
age65,2021-03-25,81178
age18-49,2021-03-25,213240
age50-64,2021-03-25,140513
age12-17,2021-03-25,3889
age5-11,2021-03-25,10
age65,2021-03-24,77622
age18-49,2021-03-24,196521
age50-64,2021-03-24,128087
age12-17,2021-03-24,3741
age5-11,2021-03-24,13
age65,2021-03-23,71389
age18-49,2021-03-23,178405
age50-64,2021-03-23,121497
age12-17,2021-03-23,2968
age5-11,2021-03-23,9
age65,2021-03-22,55085
age18-49,2021-03-22,133048
age50-64,2021-03-22,94370
age12-17,2021-03-22,2548
age5-11,2021-03-22,10
age65,2021-03-21,22135
age18-49,2021-03-21,77112
age50-64,2021-03-21,50285
age12-17,2021-03-21,1575
age5-11,2021-03-21,6
age65,2021-03-20,62605
age18-49,2021-03-20,144004
age50-64,2021-03-20,100297
age12-17,2021-03-20,2314
age5-11,2021-03-20,8
age65,2021-03-19,102527
age18-49,2021-03-19,194234
age50-64,2021-03-19,131771
age12-17,2021-03-19,2625
age5-11,2021-03-19,6
age65,2021-03-18,111762
age18-49,2021-03-18,178490
age50-64,2021-03-18,130085
age12-17,2021-03-18,2379
age5-11,2021-03-18,13
age65,2021-03-17,108724
age18-49,2021-03-17,171211
age50-64,2021-03-17,124204
age12-17,2021-03-17,2329
age5-11,2021-03-17,15
age65,2021-03-16,119543
age18-49,2021-03-16,156770
age50-64,2021-03-16,110382
age12-17,2021-03-16,1901
age5-11,2021-03-16,14
age65,2021-03-15,98643
age18-49,2021-03-15,119066
age50-64,2021-03-15,84269
age12-17,2021-03-15,1615
age5-11,2021-03-15,15
age65,2021-03-14,49166
age18-49,2021-03-14,69389
age50-64,2021-03-14,42841
age12-17,2021-03-14,1038
age5-11,2021-03-14,2
age65,2021-03-13,96374
age18-49,2021-03-13,124240
age50-64,2021-03-13,76214
age12-17,2021-03-13,1378
age5-11,2021-03-13,10
age65,2021-03-12,148657
age18-49,2021-03-12,162466
age50-64,2021-03-12,103335
age12-17,2021-03-12,1435
age5-11,2021-03-12,25
age65,2021-03-11,143821
age18-49,2021-03-11,151839
age50-64,2021-03-11,99796
age12-17,2021-03-11,1339
age5-11,2021-03-11,14
age65,2021-03-10,128016
age18-49,2021-03-10,130351
age50-64,2021-03-10,82653
age12-17,2021-03-10,1241
age5-11,2021-03-10,16
age65,2021-03-09,120205
age18-49,2021-03-09,117113
age50-64,2021-03-09,72070
age12-17,2021-03-09,1183
age5-11,2021-03-09,39
age65,2021-03-08,82590
age18-49,2021-03-08,96014
age50-64,2021-03-08,57459
age12-17,2021-03-08,1118
age5-11,2021-03-08,4
age65,2021-03-07,50608
age18-49,2021-03-07,58232
age50-64,2021-03-07,32456
age12-17,2021-03-07,756
age5-11,2021-03-07,4
age65,2021-03-06,102273
age18-49,2021-03-06,107958
age50-64,2021-03-06,64543
age12-17,2021-03-06,951
age5-11,2021-03-06,8
age65,2021-03-05,148800
age18-49,2021-03-05,137717
age50-64,2021-03-05,81480
age12-17,2021-03-05,963
age5-11,2021-03-05,12
age65,2021-03-04,173028
age18-49,2021-03-04,130084
age50-64,2021-03-04,78709
age12-17,2021-03-04,1013
age5-11,2021-03-04,17
age65,2021-03-03,170784
age18-49,2021-03-03,118578
age50-64,2021-03-03,72949
age12-17,2021-03-03,742
age5-11,2021-03-03,10
age65,2021-03-02,155400
age18-49,2021-03-02,102295
age50-64,2021-03-02,63274
age12-17,2021-03-02,648
age5-11,2021-03-02,8
age65,2021-03-01,134934
age18-49,2021-03-01,81569
age50-64,2021-03-01,51004
age12-17,2021-03-01,470
age5-11,2021-03-01,25
age65,2021-02-28,81419
age18-49,2021-02-28,41394
age50-64,2021-02-28,24200
age12-17,2021-02-28,323
age5-11,2021-02-28,6
age65,2021-02-27,154851
age18-49,2021-02-27,71957
age50-64,2021-02-27,47251
age12-17,2021-02-27,478
age5-11,2021-02-27,9
age65,2021-02-26,209982
age18-49,2021-02-26,106445
age50-64,2021-02-26,67696
age12-17,2021-02-26,522
age5-11,2021-02-26,18
age65,2021-02-25,201675
age18-49,2021-02-25,88010
age50-64,2021-02-25,59492
age12-17,2021-02-25,452
age5-11,2021-02-25,15
age65,2021-02-24,184164
age18-49,2021-02-24,73684
age50-64,2021-02-24,49973
age12-17,2021-02-24,402
age5-11,2021-02-24,11
age65,2021-02-23,151123
age18-49,2021-02-23,58385
age50-64,2021-02-23,38683
age12-17,2021-02-23,280
age5-11,2021-02-23,10
age65,2021-02-22,105624
age18-49,2021-02-22,45323
age50-64,2021-02-22,29336
age12-17,2021-02-22,268
age5-11,2021-02-22,12
age65,2021-02-21,59057
age18-49,2021-02-21,20411
age50-64,2021-02-21,12899
age12-17,2021-02-21,156
age5-11,2021-02-21,6
age65,2021-02-20,100657
age18-49,2021-02-20,36878
age50-64,2021-02-20,26549
age12-17,2021-02-20,280
age5-11,2021-02-20,10
age65,2021-02-19,156927
age18-49,2021-02-19,67607
age50-64,2021-02-19,43190
age12-17,2021-02-19,299
age5-11,2021-02-19,12
age65,2021-02-18,179685
age18-49,2021-02-18,65291
age50-64,2021-02-18,42728
age12-17,2021-02-18,288
age5-11,2021-02-18,17
age65,2021-02-17,175740
age18-49,2021-02-17,58557
age50-64,2021-02-17,38425
age12-17,2021-02-17,256
age5-11,2021-02-17,8
age65,2021-02-16,168657
age18-49,2021-02-16,56004
age50-64,2021-02-16,37853
age12-17,2021-02-16,222
age5-11,2021-02-16,8
age65,2021-02-15,100443
age18-49,2021-02-15,28791
age50-64,2021-02-15,19571
age12-17,2021-02-15,158
age5-11,2021-02-15,12
age65,2021-02-14,70746
age18-49,2021-02-14,16793
age50-64,2021-02-14,11658
age12-17,2021-02-14,94
age5-11,2021-02-14,2
age65,2021-02-13,113197
age18-49,2021-02-13,36882
age50-64,2021-02-13,23587
age12-17,2021-02-13,130
age5-11,2021-02-13,1
age65,2021-02-12,163673
age18-49,2021-02-12,75982
age50-64,2021-02-12,45534
age12-17,2021-02-12,240
age5-11,2021-02-12,22
age65,2021-02-11,162067
age18-49,2021-02-11,71194
age50-64,2021-02-11,44174
age12-17,2021-02-11,258
age5-11,2021-02-11,13
age65,2021-02-10,145309
age18-49,2021-02-10,73252
age50-64,2021-02-10,42350
age12-17,2021-02-10,256
age5-11,2021-02-10,8
age65,2021-02-09,122787
age18-49,2021-02-09,61056
age50-64,2021-02-09,37378
age12-17,2021-02-09,215
age5-11,2021-02-09,12
age65,2021-02-08,112526
age18-49,2021-02-08,49225
age50-64,2021-02-08,29712
age12-17,2021-02-08,173
age5-11,2021-02-08,12
age65,2021-02-07,47138
age18-49,2021-02-07,14736
age50-64,2021-02-07,9033
age12-17,2021-02-07,77
age5-11,2021-02-07,3
age65,2021-02-06,106489
age18-49,2021-02-06,35870
age50-64,2021-02-06,21498
age12-17,2021-02-06,164
age5-11,2021-02-06,3
age65,2021-02-05,142765
age18-49,2021-02-05,75085
age50-64,2021-02-05,42962
age12-17,2021-02-05,194
age5-11,2021-02-05,13
age65,2021-02-04,141403
age18-49,2021-02-04,61844
age50-64,2021-02-04,37442
age12-17,2021-02-04,162
age5-11,2021-02-04,16
age65,2021-02-03,133103
age18-49,2021-02-03,57010
age50-64,2021-02-03,33693
age12-17,2021-02-03,192
age5-11,2021-02-03,18
age65,2021-02-02,120309
age18-49,2021-02-02,48441
age50-64,2021-02-02,29394
age12-17,2021-02-02,177
age5-11,2021-02-02,19
age65,2021-02-01,104382
age18-49,2021-02-01,42995
age50-64,2021-02-01,26000
age12-17,2021-02-01,137
age5-11,2021-02-01,15
age18-49,2021-01-31,10741
age65,2021-01-31,56820
age50-64,2021-01-31,7086
age12-17,2021-01-31,46
age5-11,2021-01-31,1
age18-49,2021-01-30,23811
age65,2021-01-30,93421
age50-64,2021-01-30,14484
age12-17,2021-01-30,125
age5-11,2021-01-30,1
age18-49,2021-01-29,49468
age65,2021-01-29,116350
age50-64,2021-01-29,28824
age12-17,2021-01-29,131
age5-11,2021-01-29,8
age18-49,2021-01-28,47440
age65,2021-01-28,123264
age50-64,2021-01-28,28845
age12-17,2021-01-28,145
age5-11,2021-01-28,5
age18-49,2021-01-27,49003
age65,2021-01-27,114470
age50-64,2021-01-27,29517
age12-17,2021-01-27,133
age5-11,2021-01-27,9
age18-49,2021-01-26,45807
age65,2021-01-26,105504
age50-64,2021-01-26,28693
age12-17,2021-01-26,126
age5-11,2021-01-26,7
age18-49,2021-01-25,41064
age65,2021-01-25,88182
age50-64,2021-01-25,24932
age12-17,2021-01-25,111
age5-11,2021-01-25,11
age18-49,2021-01-24,12730
age65,2021-01-24,42958
age50-64,2021-01-24,7564
age12-17,2021-01-24,50
age5-11,2021-01-24,13
age18-49,2021-01-23,27605
age65,2021-01-23,73187
age50-64,2021-01-23,15878
age12-17,2021-01-23,81
age5-11,2021-01-23,15
age18-49,2021-01-22,49402
age65,2021-01-22,101169
age50-64,2021-01-22,28472
age12-17,2021-01-22,125
age5-11,2021-01-22,8
age18-49,2021-01-21,50235
age65,2021-01-21,105456
age50-64,2021-01-21,29620
age12-17,2021-01-21,150
age5-11,2021-01-21,16
age18-49,2021-01-20,57550
age50-64,2021-01-20,31702
age65,2021-01-20,82310
age12-17,2021-01-20,203
age5-11,2021-01-20,7
age18-49,2021-01-19,55940
age50-64,2021-01-19,32040
age65,2021-01-19,62848
age12-17,2021-01-19,146
age5-11,2021-01-19,9
age18-49,2021-01-18,31258
age50-64,2021-01-18,17124
age65,2021-01-18,42850
age12-17,2021-01-18,111
age5-11,2021-01-18,7
age18-49,2021-01-17,15041
age50-64,2021-01-17,8037
age65,2021-01-17,26697
age12-17,2021-01-17,32
age5-11,2021-01-17,3
age18-49,2021-01-16,33486
age50-64,2021-01-16,15911
age65,2021-01-16,36242
age12-17,2021-01-16,91
age18-49,2021-01-15,69560
age50-64,2021-01-15,34839
age65,2021-01-15,45725
age12-17,2021-01-15,117
age5-11,2021-01-15,16
age18-49,2021-01-14,63568
age50-64,2021-01-14,32039
age65,2021-01-14,36279
age12-17,2021-01-14,92
age5-11,2021-01-14,9
age18-49,2021-01-13,67827
age50-64,2021-01-13,32270
age65,2021-01-13,26366
age12-17,2021-01-13,140
age5-11,2021-01-13,5
age18-49,2021-01-12,67911
age50-64,2021-01-12,32678
age65,2021-01-12,20966
age12-17,2021-01-12,118
age5-11,2021-01-12,4
age18-49,2021-01-11,62901
age50-64,2021-01-11,29809
age65,2021-01-11,18474
age12-17,2021-01-11,90
age5-11,2021-01-11,4
age18-49,2021-01-10,16003
age50-64,2021-01-10,6426
age65,2021-01-10,2948
age12-17,2021-01-10,20
age18-49,2021-01-09,29029
age50-64,2021-01-09,12527
age65,2021-01-09,5678
age12-17,2021-01-09,24
age5-11,2021-01-09,3
age18-49,2021-01-08,68435
age50-64,2021-01-08,32991
age65,2021-01-08,14101
age12-17,2021-01-08,58
age18-49,2021-01-07,58271
age50-64,2021-01-07,28580
age65,2021-01-07,13187
age12-17,2021-01-07,39
age5-11,2021-01-07,5
age18-49,2021-01-06,45536
age50-64,2021-01-06,22655
age65,2021-01-06,10689
age12-17,2021-01-06,46
age5-11,2021-01-06,3
age18-49,2021-01-05,33739
age50-64,2021-01-05,17392
age65,2021-01-05,9318
age12-17,2021-01-05,36
age18-49,2021-01-04,27606
age50-64,2021-01-04,13956
age65,2021-01-04,7698
age12-17,2021-01-04,42
age5-11,2021-01-04,6
age18-49,2021-01-03,4206
age50-64,2021-01-03,1608
age65,2021-01-03,960
age12-17,2021-01-03,8
age18-49,2021-01-02,10867
age50-64,2021-01-02,5326
age65,2021-01-02,3218
age12-17,2021-01-02,14
age5-11,2021-01-02,1
age18-49,2021-01-01,2697
age50-64,2021-01-01,1771
age65,2021-01-01,1969
age12-17,2021-01-01,29
age18-49,2020-12-31,18657
age50-64,2020-12-31,9204
age65,2020-12-31,3849
age12-17,2020-12-31,11
age18-49,2020-12-30,38760
age50-64,2020-12-30,19334
age65,2020-12-30,9532
age12-17,2020-12-30,79
age5-11,2020-12-30,7
age18-49,2020-12-29,32138
age50-64,2020-12-29,16545
age65,2020-12-29,6954
age12-17,2020-12-29,40
age5-11,2020-12-29,10
age18-49,2020-12-28,29359
age50-64,2020-12-28,14837
age65,2020-12-28,5073
age12-17,2020-12-28,30
age5-11,2020-12-28,2
age18-49,2020-12-27,6608
age50-64,2020-12-27,2724
age65,2020-12-27,686
age12-17,2020-12-27,6
age5-11,2020-12-27,1
age18-49,2020-12-26,10135
age50-64,2020-12-26,4395
age65,2020-12-26,1059
age12-17,2020-12-26,15
age18-49,2020-12-25,1545
age50-64,2020-12-25,682
age65,2020-12-25,272
age12-17,2020-12-25,2
age18-49,2020-12-24,15984
age50-64,2020-12-24,7473
age65,2020-12-24,2165
age12-17,2020-12-24,10
age18-49,2020-12-23,34077
age50-64,2020-12-23,15776
age65,2020-12-23,4292
age12-17,2020-12-23,39
age5-11,2020-12-23,2
age18-49,2020-12-22,34335
age50-64,2020-12-22,15717
age65,2020-12-22,3760
age12-17,2020-12-22,24
age5-11,2020-12-22,1
age18-49,2020-12-21,34100
age50-64,2020-12-21,15587
age65,2020-12-21,3609
age12-17,2020-12-21,14
age5-11,2020-12-21,3
age18-49,2020-12-20,13655
age50-64,2020-12-20,5428
age65,2020-12-20,1239
age12-17,2020-12-20,6
age18-49,2020-12-19,17832
age50-64,2020-12-19,7419
age65,2020-12-19,1906
age12-17,2020-12-19,10
age5-11,2020-12-19,1
age18-49,2020-12-18,31334
age50-64,2020-12-18,14689
age65,2020-12-18,3498
age12-17,2020-12-18,8
age5-11,2020-12-18,1
age18-49,2020-12-17,18635
age50-64,2020-12-17,8731
age65,2020-12-17,2182
age12-17,2020-12-17,7
age18-49,2020-12-16,6181
age50-64,2020-12-16,2806
age65,2020-12-16,720
age12-17,2020-12-16,12
age18-49,2020-12-15,960
age50-64,2020-12-15,348
age65,2020-12-15,104
age12-17,2020-12-15,10
age18-49,2020-12-14,44
age50-64,2020-12-14,44
age65,2020-12-14,17
age12-17,2020-12-14,7
age18-49,2020-12-13,23
age50-64,2020-12-13,16
age65,2020-12-13,12
age12-17,2020-12-13,1
age18-49,2020-12-12,49
age50-64,2020-12-12,23
age65,2020-12-12,7
age12-17,2020-12-12,1
age18-49,2020-12-11,38
age50-64,2020-12-11,22
age65,2020-12-11,15
age12-17,2020-12-11,1
age5-11,2020-12-11,1
age18-49,2020-12-10,30
age50-64,2020-12-10,22
age65,2020-12-10,19
age12-17,2020-12-10,3
age18-49,2020-12-09,19
age50-64,2020-12-09,12
age65,2020-12-09,12
age12-17,2020-12-09,3
age18-49,2020-12-08,52
age50-64,2020-12-08,29
age65,2020-12-08,20
age12-17,2020-12-08,3
age18-49,2020-12-07,35
age50-64,2020-12-07,30
age65,2020-12-07,12
age12-17,2020-12-07,5
age18-49,2020-12-06,15
age50-64,2020-12-06,11
age65,2020-12-06,9
age18-49,2020-12-05,15
age50-64,2020-12-05,16
age65,2020-12-05,10
age18-49,2020-12-04,27
age50-64,2020-12-04,18
age65,2020-12-04,13
age12-17,2020-12-04,5
age18-49,2020-12-03,48
age50-64,2020-12-03,37
age65,2020-12-03,22
age12-17,2020-12-03,10
age18-49,2020-12-02,46
age50-64,2020-12-02,31
age65,2020-12-02,18
age12-17,2020-12-02,11
age18-49,2020-12-01,172
age50-64,2020-12-01,139
age65,2020-12-01,87
age12-17,2020-12-01,6
age18-49,2020-11-30,7
age50-64,2020-11-30,8
age65,2020-11-30,10
age12-17,2020-11-30,3
age18-49,2020-11-29,1
age50-64,2020-11-29,2
age65,2020-11-29,1
age18-49,2020-11-28,5
age50-64,2020-11-28,6
age65,2020-11-28,2
age18-49,2020-11-27,4
age50-64,2020-11-27,6
age65,2020-11-27,5
age12-17,2020-11-27,1
age18-49,2020-11-26,4
age50-64,2020-11-26,1
age65,2020-11-26,3
age18-49,2020-11-25,3
age50-64,2020-11-25,6
age65,2020-11-25,6
age12-17,2020-11-25,3
age18-49,2020-11-24,7
age50-64,2020-11-24,11
age65,2020-11-24,6
age12-17,2020-11-24,8
age18-49,2020-11-23,10
age50-64,2020-11-23,7
age65,2020-11-23,8
age12-17,2020-11-23,5
age18-49,2020-11-22,12
age50-64,2020-11-22,10
age65,2020-11-22,8
age18-49,2020-11-21,3
age50-64,2020-11-21,2
age65,2020-11-21,4
age18-49,2020-11-20,20
age50-64,2020-11-20,14
age65,2020-11-20,6
age12-17,2020-11-20,3
age18-49,2020-11-19,5
age50-64,2020-11-19,9
age65,2020-11-19,9
age12-17,2020-11-19,1
age5-11,2020-11-19,1
age18-49,2020-11-18,14
age50-64,2020-11-18,5
age65,2020-11-18,7
age12-17,2020-11-18,4
age18-49,2020-11-17,11
age50-64,2020-11-17,7
age65,2020-11-17,2
age18-49,2020-11-16,19
age50-64,2020-11-16,9
age65,2020-11-16,2
age12-17,2020-11-16,1
age18-49,2020-11-15,11
age50-64,2020-11-15,4
age65,2020-11-15,1
age18-49,2020-11-14,11
age50-64,2020-11-14,3
age18-49,2020-11-13,19
age50-64,2020-11-13,12
age65,2020-11-13,3
age12-17,2020-11-13,1
age18-49,2020-11-12,12
age50-64,2020-11-12,2
age65,2020-11-12,3
age12-17,2020-11-12,2
age5-11,2020-11-12,1
age18-49,2020-11-11,16
age50-64,2020-11-11,9
age65,2020-11-11,6
age12-17,2020-11-11,2
age18-49,2020-11-10,10
age50-64,2020-11-10,1
age65,2020-11-10,8
age18-49,2020-11-09,1
age50-64,2020-11-09,3
age65,2020-11-09,2
age50-64,2020-11-08,2
age65,2020-11-08,1
age50-64,2020-11-07,2
age65,2020-11-07,1
age18-49,2020-11-06,1
age50-64,2020-11-06,1
age65,2020-11-06,2
age12-17,2020-11-06,1
age18-49,2020-11-05,27
age50-64,2020-11-05,14
age65,2020-11-05,17
age12-17,2020-11-05,4
age5-11,2020-11-05,1
age18-49,2020-11-04,6
age50-64,2020-11-04,10
age65,2020-11-04,10
age18-49,2020-11-03,3
age50-64,2020-11-03,3
age65,2020-11-03,5
age18-49,2020-11-02,9
age50-64,2020-11-02,5
age65,2020-11-02,6
age18-49,2020-11-01,14
age50-64,2020-11-01,9
age65,2020-11-01,10
age5-11,2020-11-01,1
age18-49,2020-10-31,6
age50-64,2020-10-31,2
age65,2020-10-31,1
age18-49,2020-10-30,4
age50-64,2020-10-30,6
age65,2020-10-30,2
age12-17,2020-10-30,1
age18-49,2020-10-29,5
age50-64,2020-10-29,5
age65,2020-10-29,2
age12-17,2020-10-29,1
age18-49,2020-10-28,3
age50-64,2020-10-28,6
age65,2020-10-28,2
age18-49,2020-10-27,9
age50-64,2020-10-27,5
age65,2020-10-27,1
age18-49,2020-10-26,9
age50-64,2020-10-26,2
age65,2020-10-26,4
age12-17,2020-10-26,1
age18-49,2020-10-25,1
age65,2020-10-25,2
age18-49,2020-10-24,6
age65,2020-10-24,1
age18-49,2020-10-23,13
age50-64,2020-10-23,9
age65,2020-10-23,4
age18-49,2020-10-22,6
age50-64,2020-10-22,3
age65,2020-10-22,6
age12-17,2020-10-22,1
age18-49,2020-10-21,15
age50-64,2020-10-21,4
age65,2020-10-21,5
age18-49,2020-10-20,8
age50-64,2020-10-20,6
age65,2020-10-20,3
age18-49,2020-10-19,15
age50-64,2020-10-19,9
age65,2020-10-19,6
age12-17,2020-10-19,1
age18-49,2020-10-18,1
age50-64,2020-10-18,1
age12-17,2020-10-18,1
age18-49,2020-10-17,4
age50-64,2020-10-17,2
age65,2020-10-17,3
age18-49,2020-10-16,13
age50-64,2020-10-16,7
age65,2020-10-16,5
age18-49,2020-10-15,10
age50-64,2020-10-15,9
age65,2020-10-15,7
age18-49,2020-10-14,14
age50-64,2020-10-14,10
age65,2020-10-14,6
age18-49,2020-10-13,16
age50-64,2020-10-13,7
age65,2020-10-13,6
age18-49,2020-10-12,18
age50-64,2020-10-12,6
age65,2020-10-12,4
age50-64,2020-10-11,1
age65,2020-10-11,1
age18-49,2020-10-10,10
age50-64,2020-10-10,4
age65,2020-10-10,8
age18-49,2020-10-09,12
age50-64,2020-10-09,9
age65,2020-10-09,17
age12-17,2020-10-09,1
age18-49,2020-10-08,18
age50-64,2020-10-08,9
age65,2020-10-08,8
age18-49,2020-10-07,15
age50-64,2020-10-07,9
age65,2020-10-07,8
age12-17,2020-10-07,1
age18-49,2020-10-06,9
age50-64,2020-10-06,11
age65,2020-10-06,7
age18-49,2020-10-05,8
age50-64,2020-10-05,9
age65,2020-10-05,6
age18-49,2020-10-04,2
age18-49,2020-10-03,5
age50-64,2020-10-03,1
age65,2020-10-03,7
age18-49,2020-10-02,11
age50-64,2020-10-02,10
age65,2020-10-02,5
age18-49,2020-10-01,14
age50-64,2020-10-01,15
age65,2020-10-01,18
age5-11,2020-10-01,1
age18-49,2020-09-30,17
age50-64,2020-09-30,16
age65,2020-09-30,15
age12-17,2020-09-30,1
age18-49,2020-09-29,20
age50-64,2020-09-29,16
age65,2020-09-29,13
age18-49,2020-09-28,25
age50-64,2020-09-28,11
age65,2020-09-28,16
age65,2020-09-27,1
age18-49,2020-09-26,4
age50-64,2020-09-26,1
age65,2020-09-26,3
age18-49,2020-09-25,26
age50-64,2020-09-25,32
age65,2020-09-25,6
age18-49,2020-09-24,24
age50-64,2020-09-24,18
age65,2020-09-24,13
age18-49,2020-09-23,39
age50-64,2020-09-23,30
age65,2020-09-23,22
age18-49,2020-09-22,31
age50-64,2020-09-22,23
age65,2020-09-22,23
age18-49,2020-09-21,41
age50-64,2020-09-21,21
age65,2020-09-21,14
age12-17,2020-09-21,1
age18-49,2020-09-20,3
age50-64,2020-09-20,3
age65,2020-09-20,4
age12-17,2020-09-20,1
age18-49,2020-09-19,5
age50-64,2020-09-19,4
age65,2020-09-19,4
age18-49,2020-09-18,34
age50-64,2020-09-18,17
age65,2020-09-18,17
age18-49,2020-09-17,23
age50-64,2020-09-17,24
age65,2020-09-17,15
age18-49,2020-09-16,25
age50-64,2020-09-16,16
age65,2020-09-16,19
age12-17,2020-09-16,1
age18-49,2020-09-15,27
age50-64,2020-09-15,25
age65,2020-09-15,21
age18-49,2020-09-14,33
age50-64,2020-09-14,26
age65,2020-09-14,12
age18-49,2020-09-13,2
age50-64,2020-09-13,1
age65,2020-09-13,1
age18-49,2020-09-12,13
age50-64,2020-09-12,6
age65,2020-09-12,6
age18-49,2020-09-11,27
age50-64,2020-09-11,24
age65,2020-09-11,19
age18-49,2020-09-10,24
age50-64,2020-09-10,31
age65,2020-09-10,17
age18-49,2020-09-09,33
age50-64,2020-09-09,29
age65,2020-09-09,31
age18-49,2020-09-08,39
age50-64,2020-09-08,29
age65,2020-09-08,23
age18-49,2020-09-07,2
age50-64,2020-09-07,1
age50-64,2020-09-06,1
age18-49,2020-09-05,2
age50-64,2020-09-05,3
age65,2020-09-05,10
age18-49,2020-09-04,24
age50-64,2020-09-04,30
age65,2020-09-04,19
age18-49,2020-09-03,23
age50-64,2020-09-03,27
age65,2020-09-03,15
age18-49,2020-09-02,25
age50-64,2020-09-02,20
age65,2020-09-02,19
age12-17,2020-09-02,1
age18-49,2020-09-01,41
age50-64,2020-09-01,31
age65,2020-09-01,33
age5-11,2020-09-01,1
age18-49,2020-08-31,33
age50-64,2020-08-31,28
age65,2020-08-31,23
age18-49,2020-08-30,1
age50-64,2020-08-30,1
age65,2020-08-30,1
age5-11,2020-08-30,1
age18-49,2020-08-29,3
age50-64,2020-08-29,3
age65,2020-08-29,5
age18-49,2020-08-28,25
age50-64,2020-08-28,20
age65,2020-08-28,15
age18-49,2020-08-27,20
age50-64,2020-08-27,22
age65,2020-08-27,19
age12-17,2020-08-27,1
age18-49,2020-08-26,23
age50-64,2020-08-26,23
age65,2020-08-26,14
age18-49,2020-08-25,24
age50-64,2020-08-25,9
age65,2020-08-25,12
age18-49,2020-08-24,12
age50-64,2020-08-24,19
age65,2020-08-24,11
age18-49,2020-08-23,2
age65,2020-08-23,2
age18-49,2020-08-22,5
age50-64,2020-08-22,5
age65,2020-08-22,4
age18-49,2020-08-21,20
age50-64,2020-08-21,16
age65,2020-08-21,10
age18-49,2020-08-20,21
age50-64,2020-08-20,11
age65,2020-08-20,11
age18-49,2020-08-19,11
age50-64,2020-08-19,11
age65,2020-08-19,8
age12-17,2020-08-19,1
age18-49,2020-08-18,5
age50-64,2020-08-18,9
age65,2020-08-18,8
age18-49,2020-08-17,15
age50-64,2020-08-17,6
age65,2020-08-17,12
age18-49,2020-08-16,1
age50-64,2020-08-16,2
age12-17,2020-08-16,1
age18-49,2020-08-15,1
age65,2020-08-15,1
age18-49,2020-08-14,11
age50-64,2020-08-14,8
age65,2020-08-14,6
age18-49,2020-08-13,10
age50-64,2020-08-13,16
age65,2020-08-13,7
age18-49,2020-08-12,7
age65,2020-08-12,9
age50-64,2020-08-12,14
age18-49,2020-08-11,9
age65,2020-08-11,10
age50-64,2020-08-11,8
age18-49,2020-08-10,8
age65,2020-08-10,8
age50-64,2020-08-10,10
age12-17,2020-08-10,1
age18-49,2020-08-09,1
age65,2020-08-09,1
age50-64,2020-08-09,1
age18-49,2020-08-08,3
age65,2020-08-08,2
age18-49,2020-08-07,4
age65,2020-08-07,2
age50-64,2020-08-07,6
age18-49,2020-08-06,6
age65,2020-08-06,6
age50-64,2020-08-06,3
age12-17,2020-08-06,1
age18-49,2020-08-05,6
age65,2020-08-05,7
age50-64,2020-08-05,4
age18-49,2020-08-04,7
age65,2020-08-04,5
age50-64,2020-08-04,3
age12-17,2020-08-04,1
age5-11,2020-08-04,1
age18-49,2020-08-03,3
age65,2020-08-03,3
age50-64,2020-08-03,7
age65,2020-08-02,3
age18-49,2020-08-01,5
age65,2020-08-01,2
age50-64,2020-08-01,3
age12-17,2020-08-01,1
age18-49,2020-07-31,4
age65,2020-07-31,2
age18-49,2020-07-30,7
age65,2020-07-30,2
age50-64,2020-07-30,1
age12-17,2020-07-30,1
age65,2020-07-29,3
age50-64,2020-07-29,4
age18-49,2020-07-29,1
age65,2020-07-28,2
age18-49,2020-07-28,2
age18-49,2020-07-27,1
age65,2020-07-27,1
age50-64,2020-07-27,1
,,
,,
,,
,,
,,
,,
,,
,,
,,
,,
,,
,,
,,
,,
,,
,,
,,
,,
,,
,,
,,
,,
,,
,,
,,
,,
,,
,,
,,
,,
,,
,,
,,
,,
,,
,,
,,
,,
,,
,,
,,
,,
,,
,,
,,
,,
,,
,,
,,
,,
,,
,,
,,
,,
,,
,,
,,
,,
,,
,,
,,
,,
,,
,,
,,
,,
,,
,,
,,
,,
,,
,,
,,
,,
,,
,,
,,
,,
,,
,,
,,
,,
,,
,,
,,
,,
,,
,,
,,
,,
,,
,,
,,
,,
,,
,,
,,
,,
,,
,,
,,
,,
,,
,,
,,
,,
,,
,,
,,
,,
,,
,,
,,
,,
,,
,,
,,
,,
,,
,,
,,
,,
,,
,,
,,
,,
,,
,,
,,
,,
,,
,,
,,
,,
,,
,,
,,
,,
,,
,,
,,
,,
,,
,,
,,
,,
,,
,,
,,
,,
,,
,,
,,
,,
,,
,,
,,
,,
,,
,,
,,
,,
,,
,,
,,
,,
,,
,,
,,
,,
,,
,,
,,
,,
,,
,,
,,
,,
,,
,,
,,
,,
,,
,,
,,
,,
,,
,,
,,
,,
,,
,,
,,
,,
,,
,,
,,
,,
,,
,,
,,
,,
,,
,,
,,
,,
,,
,,
,,
,,
,,
,,
,,
,,
,,
,,
,,
,,
,,
,,
,,
,,
,,
,,
,,
,,
,,
,,
,,
,,
,,
,,
,,
,,
,,
,,
,,
,,
,,
,,
,,
,,
,,
,,
,,
,,
,,
,,
,,
,,
,,
,,
,,
,,
,,
,,
,,
,,
,,
,,
,,
,,
,,
,,
,,
,,
,,
,,
,,
,,
,,
,,
,,
,,
,,
,,
,,
,,
,,
,,
,,
,,
,,
,,
,,
,,
,,
,,
,,
,,
,,
,,
,,
,,
,,
,,
,,
,,
,,
,,
,,
,,
,,
,,
,,
,,
,,
,,
,,
,,
,,
,,
,,
,,
,,
,,
,,
,,
,,
,,
,,
,,
,,
,,
,,
,,
,,
,,
,,
,,
,,
,,
,,
,,
,,
,,
,,
,,
,,
,,
,,
,,
,,
,,
,,
,,
,,
,,
,,
,,
,,
,,
,,
,,
,,
,,
,,
,,
,,
,,
,,
,,
,,
,,
,,
,,
,,
,,
,,
,,
,,
,,
,,
,,
,,
,,
,,
,,
,,
,,
,,
,,
,,
,,
,,
,,
,,
,,
,,
,,
,,
,,
,,
,,
,,
,,
,,
,,
,,
,,
,,
,,
,,
,,
,,
,,
,,
,,
,,
,,
,,
,,
,,
,,
,,
,,
,,
,,
,,
,,
,,
,,
,,
,,
,,
,,
,,
,,
,,
,,
,,
,,
,,
,,
,,
,,
,,
,,
,,
,,
,,
,,
,,
,,
,,
,,
,,
,,
,,
,,
,,
,,
,,
,,
,,
,,
,,
,,
,,
,,
,,
,,
,,
,,
,,
,,
,,
,,
,,
,,
,,
,,
,,
,,
,,
,,
,,
,,
,,
,,
,,
,,
,,
,,
,,
,,
,,
,,
,,
,,
,,
,,
,,
,,
,,
,,
,,
,,
,,
,,
,,
,,
,,
,,
,,
,,
,,
,,
,,
,,
,,
,,
,,
,,
,,
,,
,,
,,
,,
,,
,,
,,
,,
,,
,,
,,
,,
,,
,,
,,
,,
,,
,,
,,
,,
,,
,,
,,
,,
,,
,,
,,
,,
,,
,,
,,
,,
,,
,,
,,
,,
,,
,,
,,
,,
,,
,,
,,
,,
,,
,,
,,
,,
,,
,,
,,
,,
,,
,,
,,
,,
,,
,,
,,
,,
,,
,,
,,
,,
,,
,,
,,
,,
,,
,,
,,
,,
,,
,,
,,
,,
,,
,,
,,
,,
,,
,,
,,
,,
,,
,,
,,
,,
,,
,,
,,
,,
,,
,,
,,
,,
,,
,,
,,
,,
,,
,,
,,
,,
,,
,,
,,
,,
,,
,,
,,
,,
,,
,,
,,
,,
,,
,,
,,
,,
,,
,,
,,
,,
,,
,,
,,
,,
,,
,,
,,
,,
,,
,,
,,
,,
,,
,,
,,
,,
,,
,,
,,
,,
,,
,,
,,
,,
,,
,,
,,
,,
,,
,,
,,
,,
,,
,,
,,
,,
,,
,,
,,
,,
,,
,,
,,
,,
,,
,,
,,
,,
,,
,,
,,
,,
,,
,,
,,
,,
,,
,,
,,
,,
,,
,,
,,
,,
,,
,,
,,
,,
,,
,,
,,
,,
,,
,,
,,
,,
,,
,,
,,
,,
,,
,,
,,
,,
,,
,,
,,
,,
,,
,,
,,
,,
,,
,,
,,
,,
,,
,,
,,
,,
,,
,,
,,
,,
,,
,,
,,
,,
,,
,,
,,
,,
,,
,,
,,
,,
,,
,,
,,
,,
,,
,,
,,
,,
,,
,,
,,
,,
,,
,,
,,
,,
,,
,,
,,
,,
,,
,,
,,
,,
,,
,,
,,
,,
,,
,,
,,
,,
,,
,,
,,
,,
,,
,,
,,
,,
,,
,,
,,
,,
,,
,,
,,
,,
,,
,,
,,
,,
,,
,,
,,
,,
,,
,,
,,
,,
,,
,,
,,
,,
,,
,,
,,
,,
,,
,,
,,
,,
,,
,,
,,
,,
,,
,,
,,
,,
,,
,,
,,
,,
,,
,,
,,
,,
,,
,,
,,
,,
,,
,,
,,
,,
,,
,,
,,
,,
,,
,,
,,
,,
,,
,,
,,
,,
,,
,,
,,
,,
,,
,,
,,
,,
,,
,,
,,
,,
,,
,,
,,
,,
,,
,,
,,
,,
,,
,,
,,
,,
,,
,,
,,
,,
,,
,,
,,
,,
,,
,,
,,
,,
,,
,,
,,
,,
,,
,,
,,
,,
,,
,,
,,
,,
,,
,,
,,
,,
,,
,,
,,
,,
,,
,,
,,
,,
,,
,,
,,
,,
,,
,,
,,
,,
,,
,,
,,
,,
,,
,,
,,
,,
,,
,,
,,
,,
,,
,,
,,
,,
,,
,,
,,
,,
,,
,,
,,
,,
,,
,,
,,
,,
,,
,,
,,
,,
,,
,,
,,
,,
,,
,,
,,
,,
,,
,,
,,
,,
,,
,,
,,
,,
,,
,,
,,
,,
,,
,,
,,
,,
,,
,,
,,
,,
,,
,,
,,
,,
,,
,,
,,
,,
,,
,,
,,
,,
,,
,,
,,
,,
,,
,,
,,
,,
,,
,,
,,
,,
,,
,,
,,
,,
,,
,,
,,
,,
,,
,,
,,
,,
,,
,,
,,
,,
,,
,,
,,
,,
,,
,,
,,
,,
,,
,,
,,
,,
,,
,,
,,
,,
,,
,,
,,
,,
,,
,,
,,
,,
,,
,,
,,
,,
,,
,,
,,
,,
,,
,,
,,
,,
,,
,,
,,
,,
,,
,,
,,
,,
,,
,,
,,
,,
,,
,,
,,
,,
,,
,,
,,
,,
,,
,,
,,
,,
,,
,,
,,
,,
,,
,,
,,
,,
,,
,,
,,
,,
,,
,,
,,
,,
,,
,,
,,
,,
,,
,,
,,
,,
,,
,,
,,
,,
,,
,,
,,
,,
,,
,,
,,
,,
,,
,,
,,
,,
,,
,,
,,
,,
,,
,,
,,
,,
,,
,,
,,
,,
,,
,,
,,
,,
,,
,,
,,
,,
,,
,,
,,
,,
,,
,,
,,
,,
,,
,,
,,
,,
,,
,,
,,
,,
,,
,,
,,
,,
,,
,,
,,
,,
,,
,,
,,
,,
,,
,,
,,
,,
,,
,,
,,
,,
,,
,,
,,
,,
,,
,,
,,
,,
,,
,,
,,
,,
,,
,,
,,
,,
,,
,,
,,
,,
,,
,,
,,
,,
,,
,,
,,
,,
,,
,,
,,
,,
,,
,,
,,
,,
,,
,,
,,
,,
,,
,,
,,
,,
,,
,,
,,
,,
,,
,,
,,
,,
,,
,,
,,
,,
,,
,,
,,
,,
,,
,,
,,
,,
,,
,,
,,
,,
,,
,,
,,
,,
,,
,,
,,
,,
,,
,,
,,
,,
,,
,,
,,
,,
,,
,,
,,
,,
,,
,,
,,
,,
,,
,,
,,
,,
,,
,,
,,
,,
,,
,,
,,
,,
,,
,,
,,
,,
,,
,,
,,
,,
,,
,,
,,
,,
,,
,,
,,
,,
,,
,,
,,
,,
,,
,,
,,
,,
,,
,,
,,
,,
,,
,,
,,
,,
,,
,,
,,
,,
,,
,,
,,
,,
,,
,,
,,
,,
,,
,,
,,
,,
,,
,,
,,
,,
,,
,,
,,
,,
,,
,,
,,
,,
,,
,,
,,
,,
,,
,,
,,
,,
,,
,,
,,
,,
,,
,,
,,
,,
,,
,,
,,
,,
,,
,,
,,
,,
,,
,,
,,
,,
,,
,,
,,
,,
,,
,,
,,
,,
,,
,,
,,
,,
,,
,,
,,
,,
,,
,,
,,
,,
,,
,,
,,
,,
,,
,,
,,
,,
,,
,,
,,
,,
,,
,,
,,
,,
,,
,,
,,
,,
,,
,,
,,
,,
,,
,,
,,
,,
,,
,,
,,
,,
,,
,,
,,
,,
,,
,,
,,
,,
,,
,,
,,
,,
,,
,,
,,
,,
,,
,,
,,
,,
,,
,,
,,
,,
,,
,,
,,
,,
,,
,,
,,
,,
,,
,,
,,
,,
,,
,,
,,
,,
,,
,,
,,
,,
,,
,,
,,
,,
,,
,,
,,
,,
,,
,,
,,
,,
,,
,,
,,
,,
,,
,,
,,
,,
,,
,,
,,
,,
,,
,,
,,
,,
,,
,,
,,
,,
,,
,,
,,
,,
,,
,,
,,
,,
,,
,,
,,
,,
,,
,,
,,
,,
,,
,,
,,
,,
,,
,,
,,
,,
,,
,,
,,
,,
,,
,,
,,
,,
,,
,,
,,
,,
,,
,,
,,
,,
,,
,,
,,
,,
,,
,,
,,
,,
,,
,,
,,
,,
,,
,,
,,
,,
,,
,,
,,
,,
,,
,,
,,
,,
,,
,,
,,
,,
,,
,,
,,
,,
,,
,,
,,
,,
,,
,,
,,
,,
,,
,,
,,
,,
,,
,,
,,
,,
,,
,,
,,
,,
,,
,,
,,
,,
,,
,,
,,
,,
,,
,,
,,
,,
,,
,,
,,
,,
,,
,,
,,
,,
,,
,,
,,
,,
,,
,,
,,
,,
,,
,,
,,
,,
,,
,,
,,
,,
,,
,,
,,
,,
,,
,,
,,
,,
,,
,,
,,
,,
,,
,,
,,
,,
,,
,,
,,
,,
,,
,,
,,
,,
,,
,,
,,
,,
,,
,,
,,
,,
,,
,,
,,
,,
,,
,,
,,
,,
,,
,,
,,
,,
,,
,,
,,
,,
,,
,,
,,
,,
,,
,,
,,
,,
,,
,,
,,
,,
,,
,,
,,
,,
,,
,,
,,
,,
,,
,,
,,
,,
,,
,,
,,
,,
,,
,,
,,
,,
,,
,,
,,
,,
,,
,,
,,
,,
,,
,,
,,
,,
,,
,,
,,
,,
,,
,,
,,
,,
,,
,,
,,
,,
,,
,,
,,
,,
,,
,,
,,
,,
,,
,,
,,
,,
,,
,,
,,
,,
,,
,,
,,
,,
,,
,,
,,
,,
,,
,,
,,
,,
,,
,,
,,
,,
,,
,,
,,
,,
,,
,,
,,
,,
,,
,,
,,
,,
,,
,,
,,
,,
,,
,,
,,
,,
,,
,,
,,
,,
,,
,,
,,
,,
,,
,,
,,
,,
,,
,,
,,
,,
,,
,,
,,
,,
,,
,,
,,
,,
,,
,,
,,
,,
,,
,,
,,
,,
,,
,,
,,
,,
,,
,,
,,
,,
,,
,,
,,
,,
,,
,,
,,
,,
,,
,,
,,
,,
,,
,,
,,
,,
,,
,,
,,
,,
,,
,,
,,
,,
,,
,,
,,
,,
,,
,,
,,
,,
,,
,,
,,
,,
,,
,,
,,
,,
,,
,,
,,
,,
,,
,,
,,
,,
,,
,,
,,
,,
,,
,,
,,
,,
,,
,,
,,
,,
,,
,,
,,
,,
,,
,,
,,
,,
,,
,,
,,
,,
,,
,,
,,
,,
,,
,,
,,
,,
,,
,,
,,
,,
,,
,,
,,
,,
,,
,,
,,
,,
,,
,,
,,
,,
,,
,,
,,
,,
,,
,,
,,
,,
,,
,,
,,
,,
,,
,,
,,
,,
,,
,,
,,
,,
,,
,,
,,
,,
,,
,,
,,
,,
,,
,,
,,
,,
,,
,,
,,
,,
,,
,,
,,
,,
,,
,,
,,
,,
,,
,,
,,
,,
,,
,,
,,
,,
,,
,,
,,
,,
,,
,,
,,
,,
,,
,,
,,
,,
,,
,,
,,
,,
,,
,,
,,
,,
,,
,,
,,
,,
,,
,,
,,
,,
,,
,,
,,
,,
,,
,,
,,
,,
,,
,,
,,
,,
,,
,,
,,
,,
,,
,,
,,
,,
,,
,,
,,
,,
,,
,,
,,
,,
,,
,,
,,
,,
,,
,,
,,
,,
,,
,,
,,
,,
,,
,,
,,
,,
,,
,,
,,
,,
,,
,,
,,
,,
,,
,,
,,
,,
,,
,,
,,
,,
,,
,,
,,
,,
,,
,,
,,
,,
,,
,,
,,
,,
,,
,,
,,
,,
,,
,,
,,
,,
,,
,,
,,
,,
,,
,,
,,
,,
,,
,,
,,
,,
,,
,,
,,
,,
,,
,,
,,
,,
,,
,,
,,
,,
,,
,,
,,
,,
,,
,,
,,
,,
,,
,,
,,
,,
,,
,,
,,
,,
,,
,,
,,
,,
,,
,,
,,
,,
,,
,,
,,
,,
,,
,,
,,
,,
,,
,,
,,
,,
,,
,,
,,
,,
,,
,,
,,
,,
,,
,,
,,
,,
,,
,,
,,
,,
,,
,,
,,
,,
,,
,,
,,
,,
,,
,,
,,
,,
,,
,,
,,
,,
,,
,,
,,
,,
,,
,,
,,
,,
,,
,,
,,
,,
,,
,,
,,
,,
,,
,,
,,
,,
,,
,,
,,
,,
,,
,,
,,
,,
,,
,,
,,
,,
,,
,,
,,
,,
,,
,,
,,
,,
,,
,,
,,
,,
,,
,,
,,
,,
,,
,,
,,
,,
,,
,,
,,
,,
,,
,,
,,
,,
,,
,,
,,
,,
,,
,,
,,
,,
,,
,,
,,
,,
,,
,,
,,
,,
,,
,,
,,
,,
,,
,,
,,
,,
,,
,,
,,
,,
,,
,,
,,
,,
,,
,,
,,
,,
,,
,,
,,
,,
,,
,,
,,
,,
,,
,,
,,
,,
,,
,,
,,
,,
,,
,,
,,
,,
,,
,,
,,
,,
,,
,,
,,
,,
,,
,,
,,
,,
,,
,,
,,
,,
,,
,,
,,
,,
,,
,,
,,
,,
,,
,,
,,
,,
,,
,,
,,
,,
,,
,,
,,
,,
,,
,,
,,
,,
,,
,,
,,
,,
,,
,,
,,
,,
,,
,,
,,
,,
,,
,,
,,
,,
,,
,,
,,
,,
,,
,,
,,
,,
,,
,,
,,
,,
,,
,,
,,
,,
,,
,,
,,
,,
,,
,,
,,
,,
,,
,,
,,
,,
,,
,,
,,
,,
,,
,,
,,
,,
,,
,,
,,
,,
,,
,,
,,
,,
,,
,,
,,
,,
,,
,,
,,
,,
,,
,,
,,
,,
,,
,,
,,
,,
,,
,,
,,
,,
,,
,,
,,
,,
,,
,,
,,
,,
,,
,,
,,
,,
,,
,,
,,
,,
,,
,,
,,
,,
,,
,,
,,
,,
,,
,,
,,
,,
,,
,,
,,
,,
,,
,,
,,
,,
,,
,,
,,
,,
,,
,,
,,
,,
,,
,,
,,
,,
,,
,,
,,
,,
,,
,,
,,
,,
,,
,,
,,
,,
,,
,,
,,
,,
,,
,,
,,
,,
,,
,,
,,
,,
,,
,,
,,
,,
,,
,,
,,
,,
,,
,,
,,
,,
,,
,,
,,
,,
,,
,,
,,
,,
,,
,,
,,
,,
,,
,,
,,
,,
,,
,,
,,
,,
,,
,,
,,
,,
,,
,,
,,
,,
,,
,,
,,
,,
,,
,,
,,
,,
,,
,,
,,
,,
,,
,,
,,
,,
,,
,,
,,
,,
,,
,,
,,
,,
,,
,,
,,
,,
,,
,,
,,
,,
,,
,,
,,
,,
,,
,,
,,
,,
,,
,,
,,
,,
,,
,,
,,
,,
,,
,,
,,
,,
,,
,,
,,
,,
,,
,,
,,
,,
,,
,,
,,
,,
,,
,,
,,
,,
,,
,,
,,
,,
,,
,,
,,
,,
,,
,,
,,
,,
,,
,,
,,
,,
,,
,,
,,
,,
,,
,,
,,
,,
,,
,,
,,
,,
,,
,,
,,
,,
,,
,,
,,
,,
,,
,,
,,
,,
,,
,,
,,
,,
,,
,,
,,
,,
,,
,,
,,
,,
,,
,,
,,
,,
,,
,,
,,
,,
,,
,,
,,
,,
,,
,,
,,
,,
,,
,,
,,
,,
,,
,,
,,
,,
,,
,,
,,
,,
,,
,,
,,
,,
,,
,,
,,
,,
,,
,,
,,
,,
,,
,,
,,
,,
,,
,,
,,
,,
,,
,,
,,
,,
,,
,,
,,
,,
,,
,,
,,
,,
,,
,,
,,
,,
,,
,,
,,
,,
,,
,,
,,
,,
,,
,,
,,
,,
,,
,,
,,
,,
,,
,,
,,
,,
,,
,,
,,
,,
,,
,,
,,
,,
,,
,,
,,
,,
,,
,,
,,
,,
,,
,,
,,
,,
,,
,,
,,
,,
,,
,,
,,
,,
,,
,,
,,
,,
,,
,,
,,
,,
,,
,,
,,
,,
,,
,,
,,
,,
,,
,,
,,
,,
,,
,,
,,
,,
,,
,,
,,
,,
,,
,,
,,
,,
,,
,,
,,
,,
,,
,,
,,
,,
,,
,,
,,
,,
,,
,,
,,
,,
,,
,,
,,
,,
,,
,,
,,
,,
,,
,,
,,
,,
,,
,,
,,
,,
,,
,,
,,
,,
,,
,,
,,
,,
,,
,,
,,
,,
,,
,,
,,
,,
,,
,,
,,
,,
,,
,,
,,
,,
,,
,,
,,
,,
,,
,,
,,
,,
,,
,,
,,
,,
,,
,,
,,
,,
,,
,,
,,
,,
,,
,,
,,
,,
,,
,,
,,
,,
,,
,,
,,
,,
,,
,,
,,
,,
,,
,,
,,
,,
,,
,,
,,
,,
,,
,,
,,
,,
,,
,,
,,
,,
,,
,,
,,
,,
,,
,,
,,
,,
,,
,,
,,
,,
,,
,,
,,
,,
,,
,,
,,
,,
,,
,,
,,
,,
,,
,,
,,
,,
,,
,,
,,
,,
,,
,,
,,
,,
,,
,,
,,
,,
,,
,,
,,
,,
,,
,,
,,
,,
,,
,,
,,
,,
,,
,,
,,
,,
,,
,,
,,
,,
,,
,,
,,
,,
,,
,,
,,
,,
,,
,,
,,
,,
,,
,,
,,
,,
,,
,,
,,
,,
,,
,,
,,
,,
,,
,,
,,
,,
,,
,,
,,
,,
,,
,,
,,
,,
,,
,,
,,
,,
,,
,,
,,
,,
,,
,,
,,
,,
,,
,,
,,
,,
,,
,,
,,
,,
,,
,,
,,
,,
,,
,,
,,
,,
,,
,,
,,
,,
,,
,,
,,
,,
,,
,,
,,
,,
,,
,,
,,
,,
,,
,,
,,
,,
,,
,,
,,
,,
,,
,,
,,
,,
,,
,,
,,
,,
,,
,,
,,
,,
,,
,,
,,
,,
,,
,,
,,
,,
,,
,,
,,
,,
,,
,,
,,
,,
,,
,,
,,
,,
,,
,,
,,
,,
,,
,,
,,
,,
,,
,,
,,
,,
,,
,,
,,
,,
,,
,,
,,
,,
,,
,,
,,
,,
,,
,,
,,
,,
,,
,,
,,
,,
,,
,,
,,
,,
,,
,,
,,
,,
,,
,,
,,
,,
,,
,,
,,
,,
,,
,,
,,
,,
,,
,,
,,
,,
,,
,,
,,
,,
,,
,,
,,
,,
,,
,,
,,
,,
,,
,,
,,
,,
,,
,,
,,
,,
,,
,,
,,
,,
,,
,,
,,
,,
,,
,,
,,
,,
,,
,,
,,
,,
,,
,,
,,
,,
,,
,,
,,
,,
,,
,,
,,
,,
,,
,,
,,
,,
,,
,,
,,
,,
,,
,,
,,
,,
,,
,,
,,
,,
,,
,,
,,
,,
,,
,,
,,
,,
,,
,,
,,
,,
,,
,,
,,
,,
,,
,,
,,
,,
,,
,,
,,
,,
,,
,,
,,
,,
,,
,,
,,
,,
,,
,,
,,
,,
,,
,,
,,
,,
,,
,,
,,
,,
,,
,,
,,
,,
,,
,,
,,
,,
,,
,,
,,
,,
,,
,,
,,
,,
,,
,,
,,
,,
,,
,,
,,
,,
,,
,,
,,
,,
,,
,,
,,
,,
,,
,,
,,
,,
,,
,,
,,
,,
,,
,,
,,
,,
,,
,,
,,
,,
,,
,,
,,
,,
,,
,,
,,
,,
,,
,,
,,
,,
,,
,,
,,
,,
,,
,,
,,
,,
,,
,,
,,
,,
,,
,,
,,
,,
,,
,,
,,
,,
,,
,,
,,
,,
,,
,,
,,
,,
,,
,,
,,
,,
,,
,,
,,
,,
,,
,,
,,
,,
,,
,,
,,
,,
,,
,,
,,
,,
,,
,,
,,
,,
,,
,,
,,
,,
,,
,,
,,
,,
,,
,,
,,
,,
,,
,,
,,
,,
,,
,,
,,
,,
,,
,,
,,
,,
,,
,,
,,
,,
,,
,,
,,
,,
,,
,,
,,
,,
,,
,,
,,
,,
,,
,,
,,
,,
,,
,,
,,
,,
,,
,,
,,
,,
,,
,,
,,
,,
,,
,,
,,
,,
,,
,,
,,
,,
,,
,,
,,
,,
,,
,,
,,
,,
,,
,,
,,
,,
,,
,,
,,
,,
,,
,,
,,
,,
,,
,,
,,
,,
,,
,,
,,
,,
,,
,,
,,
,,
,,
,,
,,
,,
,,
,,
,,
,,
,,
,,
,,
,,
,,
,,
,,
,,
,,
,,
,,
,,
,,
,,
,,
,,
,,
,,
,,
,,
,,
,,
,,
,,
,,
,,
,,
,,
,,
,,
,,
,,
,,
,,
,,
,,
,,
,,
,,
,,
,,
,,
,,
,,
,,
,,
,,
,,
,,
,,
,,
,,
,,
,,
,,
,,
,,
,,
,,
,,
,,
,,
,,
,,
,,
,,
,,
,,
,,
,,
,,
,,
,,
,,
,,
,,
,,
,,
,,
,,
,,
,,
,,
,,
,,
,,
,,
,,
,,
,,
,,
,,
,,
,,
,,
,,
,,
,,
,,
,,
,,
,,
,,
,,
,,
,,
,,
,,
,,
,,
,,
,,
,,
,,
,,
,,
,,
,,
,,
,,
,,
,,
,,
,,
,,
,,
,,
,,
,,
,,
,,
,,
,,
,,
,,
,,
,,
,,
,,
,,
,,
,,
,,
,,
,,
,,
,,
,,
,,
,,
,,
,,
,,
,,
,,
,,
,,
,,
,,
,,
,,
,,
,,
,,
,,
,,
,,
,,
,,
,,
,,
,,
,,
,,
,,
,,
,,
,,
,,
,,
,,
,,
,,
,,
,,
,,
,,
,,
,,
,,
,,
,,
,,
,,
,,
,,
,,
,,
,,
,,
,,
,,
,,
,,
,,
,,
,,
,,
,,
,,
,,
,,
,,
,,
,,
,,
,,
,,
,,
,,
,,
,,
,,
,,
,,
,,
,,
,,
,,
,,
,,
,,
,,
,,
,,
,,
,,
,,
,,
,,
,,
,,
,,
,,
,,
,,
,,
,,
,,
,,
,,
,,
,,
,,
,,
,,
,,
,,
,,
,,
,,
,,
,,
,,
,,
,,
,,
,,
,,
,,
,,
,,
,,
,,
,,
,,
,,
,,
,,
,,
,,
,,
,,
,,
,,
,,
,,
,,
,,
,,
,,
,,
,,
,,
,,
,,
,,
,,
,,
,,
,,
,,
,,
,,
,,
,,
,,
,,
,,
,,
,,
,,
,,
,,
,,
,,
,,
,,
,,
,,
,,
,,
,,
,,
,,
,,
,,
,,
,,
,,
,,
,,
,,
,,
,,
,,
,,
,,
,,
,,
,,
,,
,,
,,
,,
,,
,,
,,
,,
,,
,,
,,
,,
,,
,,
,,
,,
,,
,,
,,
,,
,,
,,
,,
,,
,,
,,
,,
,,
,,
,,
,,
,,
,,
,,
,,
,,
,,
,,
,,
,,
,,
,,
,,
,,
,,
,,
,,
,,
,,
,,
,,
,,
,,
,,
,,
,,
,,
,,
,,
,,
,,
,,
,,
,,
,,
,,
,,
,,
,,
,,
,,
,,
,,
,,
,,
,,
,,
,,
,,
,,
,,
,,
,,
,,
,,
,,
,,
,,
,,
,,
,,
,,
,,
,,
,,
,,
,,
,,
,,
,,
,,
,,
,,
,,
,,
,,
,,
,,
,,
,,
,,
,,
,,
,,
,,
,,
,,
,,
,,
,,
,,
,,
,,
,,
,,
,,
,,
,,
,,
,,
,,
,,
,,
,,
,,
,,
,,
,,
,,
,,
,,
,,
,,
,,
,,
,,
,,
,,
,,
,,
,,
,,
,,
,,
,,
,,
,,
,,
,,
,,
,,
,,
,,
,,
,,
,,
,,
,,
,,
,,
,,
,,
,,
,,
,,
,,
,,
,,
,,
,,
,,
,,
,,
,,
,,
,,
,,
,,
,,
,,
,,
,,
,,
,,
,,
,,
,,
,,
,,
,,
,,
,,
,,
,,
,,
,,
,,
,,
,,
,,
,,
,,
,,
,,
,,
,,
,,
,,
,,
,,
,,
,,
,,
,,
,,
,,
,,
,,
,,
,,
,,
,,
,,
,,
,,
,,
,,
,,
,,
,,
,,
,,
,,
,,
,,
,,
,,
,,
,,
,,
,,
,,
,,
,,
,,
,,
,,
,,
,,
,,
,,
,,
,,
,,
,,
,,
,,
,,
,,
,,
,,
,,
,,
,,
,,
,,
,,
,,
,,
,,
,,
,,
,,
,,
,,
,,
,,
,,
,,
,,
,,
,,
,,
,,
,,
,,
,,
,,
,,
,,
,,
,,
,,
,,
,,
,,
,,
,,
,,
,,
,,
,,
,,
,,
,,
,,
,,
,,
,,
,,
,,
,,
,,
,,
,,
,,
,,
,,
,,
,,
,,
,,
,,
,,
,,
,,
,,
,,
,,
,,
,,
,,
,,
,,
,,
,,
,,
,,
,,
,,
,,
,,
,,
,,
,,
,,
,,
,,
,,
,,
,,
,,
,,
,,
,,
,,
,,
,,
,,
,,
,,
,,
,,
,,
,,
,,
,,
,,
,,
,,
,,
,,
,,
,,
,,
,,
,,
,,
,,
,,
,,
,,
,,
,,
,,
,,
,,
,,
,,
,,
,,
,,
,,
,,
,,
,,
,,
,,
,,
,,
,,
,,
,,
,,
,,
,,
,,
,,
,,
,,
,,
,,
,,
,,
,,
,,
,,
,,
,,
,,
,,
,,
,,
,,
,,
,,
,,
,,
,,
,,
,,
,,
,,
,,
,,
,,
,,
,,
,,
,,
,,
,,
,,
,,
,,
,,
,,
,,
,,
,,
,,
,,
,,
,,
,,
,,
,,
,,
,,
,,
,,
,,
,,
,,
,,
,,
,,
,,
,,
,,
,,
,,
,,
,,
,,
,,
,,
,,
,,
,,
,,
,,
,,
,,
,,
,,
,,
,,
,,
,,
,,
,,
,,
,,
,,
,,
,,
,,
,,
,,
,,
,,
,,
,,
,,
,,
,,
,,
,,
,,
,,
,,
,,
,,
,,
,,
,,
,,
,,
,,
,,
,,
,,
,,
,,
,,
,,
,,
,,
,,
,,
,,
,,
,,
,,
,,
,,
,,
,,
,,
,,
,,
,,
,,
,,
,,
,,
,,
,,
,,
,,
,,
,,
,,
,,
,,
,,
,,
,,
,,
,,
,,
,,
,,
,,
,,
,,
,,
,,
,,
,,
,,
,,
,,
,,
,,
,,
,,
,,
,,
,,
,,
,,
,,
,,
,,
,,
,,
,,
,,
,,
,,
,,
,,
,,
,,
,,
,,
,,
,,
,,
,,
,,
,,
,,
,,
,,
,,
,,
,,
,,
,,
,,
,,
,,
,,
,,
,,
,,
,,
,,
,,
,,
,,
,,
,,
,,
,,
,,
,,
,,
,,
,,
,,
,,
,,
,,
,,
,,
,,
,,
,,
,,
,,
,,
,,
,,
,,
,,
,,
,,
,,
,,
,,
,,
,,
,,
,,
,,
,,
,,
,,
,,
,,
,,
,,
,,
,,
,,
,,
,,
,,
,,
,,
,,
,,
,,
,,
,,
,,
,,
,,
,,
,,
,,
,,
,,
,,
,,
,,
,,
,,
,,
,,
,,
,,
,,
,,
,,
,,
,,
,,
,,
,,
,,
,,
,,
,,
,,
,,
,,
,,
,,
,,
,,
,,
,,
,,
,,
,,
,,
,,
,,
,,
,,
,,
,,
,,
,,
,,
,,
,,
,,
,,
,,
,,
,,
,,
,,
,,
,,
,,
,,
,,
,,
,,
,,
,,
,,
,,
,,
,,
,,
,,
,,
,,
,,
,,
,,
,,
,,
,,
,,
,,
,,
,,
,,
,,
,,
,,
,,
,,
,,
,,
,,
,,
,,
,,
,,
,,
,,
,,
,,
,,
,,
,,
,,
,,
,,
,,
,,
,,
,,
,,
,,
,,
,,
,,
,,
,,
,,
,,
,,
,,
,,
,,
,,
,,
,,
,,
,,
,,
,,
,,
,,
,,
,,
,,
,,
,,
,,
,,
,,
,,
,,
,,
,,
,,
,,
,,
,,
,,
,,
,,
,,
,,
,,
,,
,,
,,
,,
,,
,,
,,
,,
,,
,,
,,
,,
,,
,,
,,
,,
,,
,,
,,
,,
,,
,,
,,
,,
,,
,,
,,
,,
,,
,,
,,
,,
,,
,,
,,
,,
,,
,,
,,
,,
,,
,,
,,
,,
,,
,,
,,
,,
,,
,,
,,
,,
,,
,,
,,
,,
,,
,,
,,
,,
,,
,,
,,
,,
,,
,,
,,
,,
,,
,,
,,
,,
,,
,,
,,
,,
,,
,,
,,
,,
,,
,,
,,
,,
,,
,,
,,
,,
,,
,,
,,
,,
,,
,,
,,
,,
,,
,,
,,
,,
,,
,,
,,
,,
,,
,,
,,
,,
,,
,,
,,
,,
,,
,,
,,
,,
,,
,,
,,
,,
,,
,,
,,
,,
,,
,,
,,
,,
,,
,,
,,
,,
,,
,,
,,
,,
,,
,,
,,
,,
,,
,,
,,
,,
,,
,,
,,
,,
,,
,,
,,
,,
,,
,,
,,
,,
,,
,,
,,
,,
,,
,,
,,
,,
,,
,,
,,
,,
,,
,,
,,
,,
,,
,,
,,
,,
,,
,,
,,
,,
,,
,,
,,
,,
,,
,,
,,
,,
,,
,,
,,
,,
,,
,,
,,
,,
,,
,,
,,
,,
,,
,,
,,
,,
,,
,,
,,
,,
,,
,,
,,
,,
,,
,,
,,
,,
,,
,,
,,
,,
,,
,,
,,
,,
,,
,,
,,
,,
,,
,,
,,
,,
,,
,,
,,
,,
,,
,,
,,
,,
,,
,,
,,
,,
,,
,,
,,
,,
,,
,,
,,
,,
,,
,,
,,
,,
,,
,,
,,
,,
,,
,,
,,
,,
,,
,,
,,
,,
,,
,,
,,
,,
,,
,,
,,
,,
,,
,,
,,
,,
,,
,,
,,
,,
,,
,,
,,
,,
,,
,,
,,
,,
,,
,,
,,
,,
,,
,,
,,
,,
,,
,,
,,
,,
,,
,,
,,
,,
,,
,,
,,
,,
,,
,,
,,
,,
,,
,,
,,
,,
,,
,,
,,
,,
,,
,,
,,
,,
,,
,,
,,
,,
,,
,,
,,
,,
,,
,,
,,
,,
,,
,,
,,
,,
,,
,,
,,
,,
,,
,,
,,
,,
,,
,,
,,
,,
,,
,,
,,
,,
,,
,,
,,
,,
,,
,,
,,
,,
,,
,,
,,
,,
,,
,,
,,
,,
,,
,,
,,
,,
,,
,,
,,
,,
,,
,,
,,
,,
,,
,,
,,
,,
,,
,,
,,
,,
,,
,,
,,
,,
,,
,,
,,
,,
,,
,,
,,
,,
,,
,,
,,
,,
,,
,,
,,
,,
,,
,,
,,
,,
,,
,,
,,
,,
,,
,,
,,
,,
,,
,,
,,
,,
,,
,,
,,
,,
,,
,,
,,
,,
,,
,,
,,
,,
,,
,,
,,
,,
,,
,,
,,
,,
,,
,,
,,
,,
,,
,,
,,
,,
,,
,,
,,
,,
,,
,,
,,
,,
,,
,,
,,
,,
,,
,,
,,
,,
,,
,,
,,
,,
,,
,,
,,
,,
,,
,,
,,
,,
,,
,,
,,
,,
,,
,,
,,
,,
,,
,,
,,
,,
,,
,,
,,
,,
,,
,,
,,
,,
,,
,,
,,
,,
,,
,,
,,
,,
,,
,,
,,
,,
,,
,,
,,
,,
,,
,,
,,
,,
,,
,,
,,
,,
,,
,,
,,
,,
,,
,,
,,
,,
,,
,,
,,
,,
,,
,,
,,
,,
,,
,,
,,
,,
,,
,,
,,
,,
,,
,,
,,
,,
,,
,,
,,
,,
,,
,,
,,
,,
,,
,,
,,
,,
,,
,,
,,
,,
,,
,,
,,
,,
,,
,,
,,
,,
,,
,,
,,
,,
,,
,,
,,
,,
,,
,,
,,
,,
,,
,,
,,
,,
,,
,,
,,
,,
,,
,,
,,
,,
,,
,,
,,
,,
,,
,,
,,
,,
,,
,,
,,
,,
,,
,,
,,
,,
,,
,,
,,
,,
,,
,,
,,
,,
,,
,,
,,
,,
,,
,,
,,
,,
,,
,,
,,
,,
,,
,,
,,
,,
,,
,,
,,
,,
,,
,,
,,
,,
,,
,,
,,
,,
,,
,,
,,
,,
,,
,,
,,
,,
,,
,,
,,
,,
,,
,,
,,
,,
,,
,,
,,
,,
,,
,,
,,
,,
,,
,,
,,
,,
,,
,,
,,
,,
,,
,,
,,
,,
,,
,,
,,
,,
,,
,,
,,
,,
,,
,,
,,
,,
,,
,,
,,
,,
,,
,,
,,
,,
,,
,,
,,
,,
,,
,,
,,
,,
,,
,,
,,
,,
,,
,,
,,
,,
,,
,,
,,
,,
,,
,,
,,
,,
,,
,,
,,
,,
,,
,,
,,
,,
,,
,,
,,
,,
,,
,,
,,
,,
,,
,,
,,
,,
,,
,,
,,
,,
,,
,,
,,
,,
,,
,,
,,
,,
,,
,,
,,
,,
,,
,,
,,
,,
,,
,,
,,
,,
,,
,,
,,
,,
,,
,,
,,
,,
,,
,,
,,
,,
,,
,,
,,
,,
,,
,,
,,
,,
,,
,,
,,
,,
,,
,,
,,
,,
,,
,,
,,
,,
,,
,,
,,
,,
,,
,,
,,
,,
,,
,,
,,
,,
,,
,,
,,
,,
,,
,,
,,
,,
,,
,,
,,
,,
,,
,,
,,
,,
,,
,,
,,
,,
,,
,,
,,
,,
,,
,,
,,
,,
,,
,,
,,
,,
,,
,,
,,
,,
,,
,,
,,
,,
,,
,,
,,
,,
,,
,,
,,
,,
,,
,,
,,
,,
,,
,,
,,
,,
,,
,,
,,
,,
,,
,,
,,
,,
,,
,,
,,
,,
,,
,,
,,
,,
,,
,,
,,
,,
,,
,,
,,
,,
,,
,,
,,
,,
,,
,,
,,
,,
,,
,,
,,
,,
,,
,,
,,
,,
,,
,,
,,
,,
,,
,,
,,
,,
,,
,,
,,
,,
,,
,,
,,
,,
,,
,,
,,
,,
,,
,,
,,
,,
,,
,,
,,
,,
,,
,,
,,
,,
,,
,,
,,
,,
,,
,,
,,
,,
,,
,,
,,
,,
,,
,,
,,
,,
,,
,,
,,
,,
,,
,,
,,
,,
,,
,,
,,
,,
,,
,,
,,
,,
,,
,,
,,
,,
,,
,,
,,
,,
,,
,,
,,
,,
,,
,,
,,
,,
,,
,,
,,
,,
,,
,,
,,
,,
,,
,,
,,
,,
,,
,,
,,
,,
,,
,,
,,
,,
,,
,,
,,
,,
,,
,,
,,
,,
,,
,,
,,
,,
,,
,,
,,
,,
,,
,,
,,
,,
,,
,,
,,
,,
,,
,,
,,
,,
,,
,,
,,
,,
,,
,,
,,
,,
,,
,,
,,
,,
,,
,,
,,
,,
,,
,,
,,
,,
,,
,,
,,
,,
,,
,,
,,
,,
,,
,,
,,
,,
,,
,,
,,
,,
,,
,,
,,
,,
,,
,,
,,
,,
,,
,,
,,
,,
,,
,,
,,
,,
,,
,,
,,
,,
,,
,,
,,
,,
,,
,,
,,
,,
,,
,,
,,
,,
,,
,,
,,
,,
,,
,,
,,
,,
,,
,,
,,
,,
,,
,,
,,
,,
,,
,,
,,
,,
,,
,,
,,
,,
,,
,,
,,
,,
,,
,,
,,
,,
,,
,,
,,
,,
,,
,,
,,
,,
,,
,,
,,
,,
,,
,,
,,
,,
,,
,,
,,
,,
,,
,,
,,
,,
,,
,,
,,
,,
,,
,,
,,
,,
,,
,,
,,
,,
,,
,,
,,
,,
,,
,,
,,
,,
,,
,,
,,
,,
,,
,,
,,
,,
,,
,,
,,
,,
,,
,,
,,
,,
,,
,,
