2021-12-20,64031,age18-49
2021-12-20,30562,age50-64
2021-12-20,17042,age65
2021-12-20,7543,age12-17
2021-12-20,19162,age5-11
2021-12-19,35252,age18-49
2021-12-19,15022,age50-64
2021-12-19,6225,age65
2021-12-19,3546,age12-17
2021-12-19,6159,age5-11
2021-12-18,61008,age18-49
2021-12-18,30366,age50-64
2021-12-18,12499,age65
2021-12-18,7159,age12-17
2021-12-18,20738,age5-11
2021-12-17,112338,age18-49
2021-12-17,58542,age50-64
2021-12-17,31406,age65
2021-12-17,10484,age12-17
2021-12-17,30297,age5-11
2021-12-16,104119,age18-49
2021-12-16,53790,age50-64
2021-12-16,32886,age65
2021-12-16,6543,age12-17
2021-12-16,19087,age5-11
2021-12-15,102852,age18-49
2021-12-15,52732,age50-64
2021-12-15,32633,age65
2021-12-15,7262,age12-17
2021-12-15,28391,age5-11
2021-12-14,100818,age18-49
2021-12-14,52122,age50-64
2021-12-14,29869,age65
2021-12-14,6556,age12-17
2021-12-14,28849,age5-11
2021-12-13,95935,age18-49
2021-12-13,50088,age50-64
2021-12-13,29746,age65
2021-12-13,6128,age12-17
2021-12-13,27749,age5-11
2021-12-12,31946,age18-49
2021-12-12,14956,age50-64
2021-12-12,6476,age65
2021-12-12,2525,age12-17
2021-12-12,9989,age5-11
2021-12-11,64426,age18-49
2021-12-11,32807,age50-64
2021-12-11,13974,age65
2021-12-11,6789,age12-17
2021-12-11,37167,age5-11
2021-12-10,117292,age18-49
2021-12-10,65013,age50-64
2021-12-10,35317,age65
2021-12-10,8837,age12-17
2021-12-10,45285,age5-11
2021-12-09,107378,age18-49
2021-12-09,59062,age50-64
2021-12-09,36581,age65
2021-12-09,6334,age12-17
2021-12-09,35526,age5-11
2021-12-08,106254,age18-49
2021-12-08,59795,age50-64
2021-12-08,39810,age65
2021-12-08,7216,age12-17
2021-12-08,40189,age5-11
2021-12-07,108172,age18-49
2021-12-07,62876,age50-64
2021-12-07,41768,age65
2021-12-07,6953,age12-17
2021-12-07,35564,age5-11
2021-12-06,99731,age18-49
2021-12-06,59705,age50-64
2021-12-06,39461,age65
2021-12-06,6167,age12-17
2021-12-06,32593,age5-11
2021-12-05,33932,age18-49
2021-12-05,18609,age50-64
2021-12-05,8308,age65
2021-12-05,2180,age12-17
2021-12-05,17023,age5-11
2021-12-04,66650,age18-49
2021-12-04,38403,age50-64
2021-12-04,17529,age65
2021-12-04,5195,age12-17
2021-12-04,50706,age5-11
2021-12-03,124277,age18-49
2021-12-03,76614,age50-64
2021-12-03,44815,age65
2021-12-03,8331,age12-17
2021-12-03,57963,age5-11
2021-12-02,108507,age18-49
2021-12-02,68153,age50-64
2021-12-02,48200,age65
2021-12-02,6727,age12-17
2021-12-02,44450,age5-11
2021-12-01,101063,age18-49
2021-12-01,64954,age50-64
2021-12-01,48971,age65
2021-12-01,6956,age12-17
2021-12-01,48354,age5-11
2021-11-30,87297,age18-49
2021-11-30,59843,age50-64
2021-11-30,47833,age65
2021-11-30,6372,age12-17
2021-11-30,41795,age5-11
2021-11-29,75285,age18-49
2021-11-29,51600,age50-64
2021-11-29,41059,age65
2021-11-29,5746,age12-17
2021-11-29,37716,age5-11
2021-11-28,26408,age18-49
2021-11-28,15364,age50-64
2021-11-28,7867,age65
2021-11-28,1878,age12-17
2021-11-28,12582,age5-11
2021-11-27,44988,age18-49
2021-11-27,27821,age50-64
2021-11-27,14598,age65
2021-11-27,3324,age12-17
2021-11-27,22798,age5-11
2021-11-26,63157,age18-49
2021-11-26,41133,age50-64
2021-11-26,23728,age65
2021-11-26,4551,age12-17
2021-11-26,19142,age5-11
2021-11-25,2293,age18-49
2021-11-25,1238,age50-64
2021-11-25,914,age65
2021-11-25,139,age12-17
2021-11-25,313,age5-11
2021-11-24,86148,age18-49
2021-11-24,50208,age50-64
2021-11-24,36175,age65
2021-11-24,6159,age12-17
2021-11-24,25209,age5-11
2021-11-23,96527,age18-49
2021-11-23,60794,age50-64
2021-11-23,50244,age65
2021-11-23,6729,age12-17
2021-11-23,28278,age5-11
2021-11-22,89660,age18-49
2021-11-22,59560,age50-64
2021-11-22,48548,age65
2021-11-22,6610,age12-17
2021-11-22,26428,age5-11
2021-11-21,31862,age18-49
2021-11-21,18795,age50-64
2021-11-21,11229,age65
2021-11-21,2194,age12-17
2021-11-21,8592,age5-11
2021-11-20,59631,age18-49
2021-11-20,39584,age50-64
2021-11-20,22781,age65
2021-11-20,5574,age12-17
2021-11-20,29011,age5-11
2021-11-19,102295,age18-49
2021-11-19,69985,age50-64
2021-11-19,54005,age65
2021-11-19,8595,age12-17
2021-11-19,33345,age5-11
2021-11-18,82309,age18-49
2021-11-18,56570,age50-64
2021-11-18,55974,age65
2021-11-18,6670,age12-17
2021-11-18,24761,age5-11
2021-11-17,79455,age18-49
2021-11-17,55613,age50-64
2021-11-17,59359,age65
2021-11-17,6799,age12-17
2021-11-17,29194,age5-11
2021-11-16,76405,age18-49
2021-11-16,55544,age50-64
2021-11-16,61778,age65
2021-11-16,6273,age12-17
2021-11-16,25378,age5-11
2021-11-15,68808,age18-49
2021-11-15,50104,age50-64
2021-11-15,56710,age65
2021-11-15,6088,age12-17
2021-11-15,23873,age5-11
2021-11-14,26501,age18-49
2021-11-14,16503,age50-64
2021-11-14,12752,age65
2021-11-14,2093,age12-17
2021-11-14,13230,age5-11
2021-11-13,47001,age18-49
2021-11-13,31346,age50-64
2021-11-13,25224,age65
2021-11-13,5439,age12-17
2021-11-13,39271,age5-11
2021-11-12,85471,age18-49
2021-11-12,59137,age50-64
2021-11-12,62598,age65
2021-11-12,8672,age12-17
2021-11-12,42538,age5-11
2021-11-11,65304,age18-49
2021-11-11,43686,age50-64
2021-11-11,56158,age65
2021-11-11,6824,age12-17
2021-11-11,44858,age5-11
2021-11-10,68137,age18-49
2021-11-10,44505,age50-64
2021-11-10,63824,age65
2021-11-10,7055,age12-17
2021-11-10,42224,age5-11
2021-11-09,65424,age18-49
2021-11-09,43797,age50-64
2021-11-09,66832,age65
2021-11-09,6226,age12-17
2021-11-09,34904,age5-11
2021-11-08,61496,age18-49
2021-11-08,39645,age50-64
2021-11-08,61913,age65
2021-11-08,5960,age12-17
2021-11-08,30920,age5-11
2021-11-07,23559,age18-49
2021-11-07,13627,age50-64
2021-11-07,14243,age65
2021-11-07,2201,age12-17
2021-11-07,13932,age5-11
2021-11-06,41753,age18-49
2021-11-06,27236,age50-64
2021-11-06,28611,age65
2021-11-06,5011,age12-17
2021-11-06,25686,age5-11
2021-11-05,86290,age18-49
2021-11-05,56955,age50-64
2021-11-05,73281,age65
2021-11-05,8835,age12-17
2021-11-05,17672,age5-11
2021-11-04,63901,age18-49
2021-11-04,43573,age50-64
2021-11-04,74892,age65
2021-11-04,6130,age12-17
2021-11-04,9425,age5-11
2021-11-03,59971,age18-49
2021-11-03,41971,age50-64
2021-11-03,77582,age65
2021-11-03,5878,age12-17
2021-11-03,3964,age5-11
2021-11-02,59513,age18-49
2021-11-02,41899,age50-64
2021-11-02,82353,age65
2021-11-02,5781,age12-17
2021-11-02,62,age5-11
2021-11-01,57231,age18-49
2021-11-01,40084,age50-64
2021-11-01,74429,age65
2021-11-01,6350,age12-17
2021-11-01,30,age5-11
2021-10-31,18616,age18-49
2021-10-31,13137,age50-64
2021-10-31,16873,age65
2021-10-31,2149,age12-17
2021-10-31,3,age5-11
2021-10-30,34730,age18-49
2021-10-30,27387,age50-64
2021-10-30,35899,age65
2021-10-30,5242,age12-17
2021-10-30,9,age5-11
2021-10-29,70405,age18-49
2021-10-29,53181,age50-64
2021-10-29,86742,age65
2021-10-29,8267,age12-17
2021-10-29,19,age5-11
2021-10-28,53075,age18-49
2021-10-28,38976,age50-64
2021-10-28,84340,age65
2021-10-28,5681,age12-17
2021-10-28,14,age5-11
2021-10-27,53022,age18-49
2021-10-27,37601,age50-64
2021-10-27,85732,age65
2021-10-27,5953,age12-17
2021-10-27,17,age5-11
2021-10-26,50733,age18-49
2021-10-26,36808,age50-64
2021-10-26,87054,age65
2021-10-26,5668,age12-17
2021-10-26,7,age5-11
2021-10-25,51066,age18-49
2021-10-25,34473,age50-64
2021-10-25,71677,age65
2021-10-25,5966,age12-17
2021-10-25,5,age5-11
2021-10-24,16934,age18-49
2021-10-24,10807,age50-64
2021-10-24,17008,age65
2021-10-24,2705,age12-17
2021-10-24,11,age5-11
2021-10-23,30812,age18-49
2021-10-23,20995,age50-64
2021-10-23,34813,age65
2021-10-23,6098,age12-17
2021-10-23,6,age5-11
2021-10-22,56752,age18-49
2021-10-22,35237,age50-64
2021-10-22,61989,age65
2021-10-22,8768,age12-17
2021-10-22,11,age5-11
2021-10-21,39000,age18-49
2021-10-21,20154,age50-64
2021-10-21,31747,age65
2021-10-21,5736,age12-17
2021-10-21,8,age5-11
2021-10-20,37601,age18-49
2021-10-20,18663,age50-64
2021-10-20,30864,age65
2021-10-20,5770,age12-17
2021-10-20,5,age5-11
2021-10-19,37905,age18-49
2021-10-19,19159,age50-64
2021-10-19,32687,age65
2021-10-19,6101,age12-17
2021-10-19,19,age5-11
2021-10-18,42239,age18-49
2021-10-18,19930,age50-64
2021-10-18,31137,age65
2021-10-18,6619,age12-17
2021-10-18,5,age5-11
2021-10-17,15403,age18-49
2021-10-17,6401,age50-64
2021-10-17,6058,age65
2021-10-17,2767,age12-17
2021-10-17,1,age5-11
2021-10-16,26112,age18-49
2021-10-16,12644,age50-64
2021-10-16,13973,age65
2021-10-16,6344,age12-17
2021-10-16,5,age5-11
2021-10-15,53674,age18-49
2021-10-15,26508,age50-64
2021-10-15,35795,age65
2021-10-15,10363,age12-17
2021-10-15,14,age5-11
2021-10-14,41331,age18-49
2021-10-14,19696,age50-64
2021-10-14,33612,age65
2021-10-14,6188,age12-17
2021-10-14,10,age5-11
2021-10-13,41559,age18-49
2021-10-13,18774,age50-64
2021-10-13,32939,age65
2021-10-13,6453,age12-17
2021-10-13,20,age5-11
2021-10-12,42765,age18-49
2021-10-12,19639,age50-64
2021-10-12,37141,age65
2021-10-12,6368,age12-17
2021-10-12,37,age5-11
2021-10-11,44360,age18-49
2021-10-11,19829,age50-64
2021-10-11,35705,age65
2021-10-11,7129,age12-17
2021-10-11,16,age5-11
2021-10-10,17488,age18-49
2021-10-10,6705,age50-64
2021-10-10,7807,age65
2021-10-10,3644,age12-17
2021-10-10,15,age5-11
2021-10-09,28827,age18-49
2021-10-09,12685,age50-64
2021-10-09,16185,age65
2021-10-09,7709,age12-17
2021-10-09,15,age5-11
2021-10-08,60463,age18-49
2021-10-08,28052,age50-64
2021-10-08,42591,age65
2021-10-08,11852,age12-17
2021-10-08,19,age5-11
2021-10-07,46950,age18-49
2021-10-07,20726,age50-64
2021-10-07,42512,age65
2021-10-07,7169,age12-17
2021-10-07,7,age5-11
2021-10-06,43667,age18-49
2021-10-06,18170,age50-64
2021-10-06,40178,age65
2021-10-06,7425,age12-17
2021-10-06,10,age5-11
2021-10-05,43865,age18-49
2021-10-05,17724,age50-64
2021-10-05,42669,age65
2021-10-05,7454,age12-17
2021-10-05,7,age5-11
2021-10-04,43268,age18-49
2021-10-04,17464,age50-64
2021-10-04,42286,age65
2021-10-04,8126,age12-17
2021-10-04,11,age5-11
2021-10-03,17931,age18-49
2021-10-03,6422,age50-64
2021-10-03,9618,age65
2021-10-03,4463,age12-17
2021-10-03,7,age5-11
2021-10-02,28840,age18-49
2021-10-02,11623,age50-64
2021-10-02,18764,age65
2021-10-02,8922,age12-17
2021-10-02,9,age5-11
2021-10-01,59419,age18-49
2021-10-01,24988,age50-64
2021-10-01,49076,age65
2021-10-01,12442,age12-17
2021-10-01,33,age5-11
2021-09-30,52962,age18-49
2021-09-30,20479,age50-64
2021-09-30,50541,age65
2021-09-30,8186,age12-17
2021-09-30,33,age5-11
2021-09-29,51418,age18-49
2021-09-29,19337,age50-64
2021-09-29,50772,age65
2021-09-29,8012,age12-17
2021-09-29,23,age5-11
2021-09-28,49770,age18-49
2021-09-28,18824,age50-64
2021-09-28,52973,age65
2021-09-28,8248,age12-17
2021-09-28,20,age5-11
2021-09-27,42224,age18-49
2021-09-27,16311,age50-64
2021-09-27,53978,age65
2021-09-27,6623,age12-17
2021-09-27,2,age5-11
2021-09-26,16612,age18-49
2021-09-26,5760,age50-64
2021-09-26,13082,age65
2021-09-26,4068,age12-17
2021-09-26,3,age5-11
2021-09-25,28047,age18-49
2021-09-25,10479,age50-64
2021-09-25,23135,age65
2021-09-25,9503,age12-17
2021-09-25,10,age5-11
2021-09-24,48950,age18-49
2021-09-24,16072,age50-64
2021-09-24,29096,age65
2021-09-24,14595,age12-17
2021-09-24,31,age5-11
2021-09-23,39117,age18-49
2021-09-23,11326,age50-64
2021-09-23,13322,age65
2021-09-23,8460,age12-17
2021-09-23,15,age5-11
2021-09-22,40977,age18-49
2021-09-22,11131,age50-64
2021-09-22,10845,age65
2021-09-22,9396,age12-17
2021-09-22,26,age5-11
2021-09-21,41794,age18-49
2021-09-21,11564,age50-64
2021-09-21,11634,age65
2021-09-21,9514,age12-17
2021-09-21,25,age5-11
2021-09-20,45639,age18-49
2021-09-20,12408,age50-64
2021-09-20,12464,age65
2021-09-20,9995,age12-17
2021-09-20,28,age5-11
2021-09-19,19097,age18-49
2021-09-19,4737,age50-64
2021-09-19,3729,age65
2021-09-19,5275,age12-17
2021-09-19,12,age5-11
2021-09-18,30730,age18-49
2021-09-18,8536,age50-64
2021-09-18,5962,age65
2021-09-18,11914,age12-17
2021-09-18,22,age5-11
2021-09-17,53600,age18-49
2021-09-17,15219,age50-64
2021-09-17,11151,age65
2021-09-17,16720,age12-17
2021-09-17,34,age5-11
2021-09-16,48614,age18-49
2021-09-16,12977,age50-64
2021-09-16,10122,age65
2021-09-16,11283,age12-17
2021-09-16,20,age5-11
2021-09-15,46881,age18-49
2021-09-15,12536,age50-64
2021-09-15,9581,age65
2021-09-15,11281,age12-17
2021-09-15,29,age5-11
2021-09-14,47715,age18-49
2021-09-14,12818,age50-64
2021-09-14,9867,age65
2021-09-14,10666,age12-17
2021-09-14,19,age5-11
2021-09-13,49785,age18-49
2021-09-13,13697,age50-64
2021-09-13,10108,age65
2021-09-13,11420,age12-17
2021-09-13,27,age5-11
2021-09-12,20749,age18-49
2021-09-12,5309,age50-64
2021-09-12,3262,age65
2021-09-12,6258,age12-17
2021-09-12,12,age5-11
2021-09-11,33610,age18-49
2021-09-11,9596,age50-64
2021-09-11,5579,age65
2021-09-11,14779,age12-17
2021-09-11,24,age5-11
2021-09-10,59237,age18-49
2021-09-10,17281,age50-64
2021-09-10,12385,age65
2021-09-10,19848,age12-17
2021-09-10,49,age5-11
2021-09-09,50265,age18-49
2021-09-09,14407,age50-64
2021-09-09,12339,age65
2021-09-09,12181,age12-17
2021-09-09,34,age5-11
2021-09-08,50472,age18-49
2021-09-08,14225,age50-64
2021-09-08,11912,age65
2021-09-08,13238,age12-17
2021-09-08,29,age5-11
2021-09-07,55845,age18-49
2021-09-07,15999,age50-64
2021-09-07,12576,age65
2021-09-07,14954,age12-17
2021-09-07,39,age5-11
2021-09-06,11302,age18-49
2021-09-06,3114,age50-64
2021-09-06,2075,age65
2021-09-06,3124,age12-17
2021-09-06,5,age5-11
2021-09-05,21188,age18-49
2021-09-05,5902,age50-64
2021-09-05,3961,age65
2021-09-05,7234,age12-17
2021-09-05,22,age5-11
2021-09-04,32463,age18-49
2021-09-04,9941,age50-64
2021-09-04,6514,age65
2021-09-04,15500,age12-17
2021-09-04,32,age5-11
2021-09-03,60557,age18-49
2021-09-03,19162,age50-64
2021-09-03,15268,age65
2021-09-03,24047,age12-17
2021-09-03,52,age5-11
2021-09-02,50570,age18-49
2021-09-02,15433,age50-64
2021-09-02,14482,age65
2021-09-02,14342,age12-17
2021-09-02,20,age5-11
2021-09-01,52464,age18-49
2021-09-01,15952,age50-64
2021-09-01,14378,age65
2021-09-01,15712,age12-17
2021-09-01,31,age5-11
2021-08-31,53962,age18-49
2021-08-31,16408,age50-64
2021-08-31,14504,age65
2021-08-31,16597,age12-17
2021-08-31,36,age5-11
2021-08-30,55248,age18-49
2021-08-30,16653,age50-64
2021-08-30,13733,age65
2021-08-30,16802,age12-17
2021-08-30,33,age5-11
2021-08-29,23439,age18-49
2021-08-29,6506,age50-64
2021-08-29,4626,age65
2021-08-29,8287,age12-17
2021-08-29,24,age5-11
2021-08-28,38978,age18-49
2021-08-28,11851,age50-64
2021-08-28,7906,age65
2021-08-28,19470,age12-17
2021-08-28,44,age5-11
2021-08-27,66703,age18-49
2021-08-27,20870,age50-64
2021-08-27,15114,age65
2021-08-27,26498,age12-17
2021-08-27,57,age5-11
2021-08-26,56545,age18-49
2021-08-26,16898,age50-64
2021-08-26,13821,age65
2021-08-26,17535,age12-17
2021-08-26,31,age5-11
2021-08-25,55690,age18-49
2021-08-25,16371,age50-64
2021-08-25,13132,age65
2021-08-25,18193,age12-17
2021-08-25,35,age5-11
2021-08-24,57935,age18-49
2021-08-24,17370,age50-64
2021-08-24,13667,age65
2021-08-24,18392,age12-17
2021-08-24,37,age5-11
2021-08-23,58012,age18-49
2021-08-23,17569,age50-64
2021-08-23,13488,age65
2021-08-23,17558,age12-17
2021-08-23,32,age5-11
2021-08-22,23480,age18-49
2021-08-22,6556,age50-64
2021-08-22,4311,age65
2021-08-22,7997,age12-17
2021-08-22,24,age5-11
2021-08-21,37925,age18-49
2021-08-21,12091,age50-64
2021-08-21,7717,age65
2021-08-21,18568,age12-17
2021-08-21,35,age5-11
2021-08-20,65563,age18-49
2021-08-20,21283,age50-64
2021-08-20,14866,age65
2021-08-20,25896,age12-17
2021-08-20,52,age5-11
2021-08-19,55542,age18-49
2021-08-19,16803,age50-64
2021-08-19,13125,age65
2021-08-19,16885,age12-17
2021-08-19,28,age5-11
2021-08-18,55671,age18-49
2021-08-18,16652,age50-64
2021-08-18,12457,age65
2021-08-18,17899,age12-17
2021-08-18,24,age5-11
2021-08-17,56015,age18-49
2021-08-17,16750,age50-64
2021-08-17,11388,age65
2021-08-17,18818,age12-17
2021-08-17,41,age5-11
2021-08-16,54015,age18-49
2021-08-16,16007,age50-64
2021-08-16,10353,age65
2021-08-16,17418,age12-17
2021-08-16,23,age5-11
2021-08-15,22513,age18-49
2021-08-15,6369,age50-64
2021-08-15,3516,age65
2021-08-15,8338,age12-17
2021-08-15,26,age5-11
2021-08-14,38087,age18-49
2021-08-14,11760,age50-64
2021-08-14,5400,age65
2021-08-14,18008,age12-17
2021-08-14,46,age5-11
2021-08-13,61479,age18-49
2021-08-13,17748,age50-64
2021-08-13,6685,age65
2021-08-13,26560,age12-17
2021-08-13,47,age5-11
2021-08-12,50634,age18-49
2021-08-12,14165,age50-64
2021-08-12,5762,age65
2021-08-12,19128,age12-17
2021-08-12,38,age5-11
2021-08-11,46959,age18-49
2021-08-11,13163,age50-64
2021-08-11,5129,age65
2021-08-11,19399,age12-17
2021-08-11,26,age5-11
2021-08-10,50303,age18-49
2021-08-10,13718,age50-64
2021-08-10,5634,age65
2021-08-10,22406,age12-17
2021-08-10,35,age5-11
2021-08-09,48410,age18-49
2021-08-09,13336,age50-64
2021-08-09,5106,age65
2021-08-09,21978,age12-17
2021-08-09,38,age5-11
2021-08-08,20392,age18-49
2021-08-08,5313,age50-64
2021-08-08,1658,age65
2021-08-08,8135,age12-17
2021-08-08,18,age5-11
2021-08-07,35229,age18-49
2021-08-07,10029,age50-64
2021-08-07,3044,age65
2021-08-07,16441,age12-17
2021-08-07,41,age5-11
2021-08-06,57209,age18-49
2021-08-06,16826,age50-64
2021-08-06,6046,age65
2021-08-06,25972,age12-17
2021-08-06,37,age5-11
2021-08-05,47559,age18-49
2021-08-05,13121,age50-64
2021-08-05,5471,age65
2021-08-05,21070,age12-17
2021-08-05,37,age5-11
2021-08-04,46996,age18-49
2021-08-04,12720,age50-64
2021-08-04,5361,age65
2021-08-04,20667,age12-17
2021-08-04,29,age5-11
2021-08-03,49347,age18-49
2021-08-03,13634,age50-64
2021-08-03,5524,age65
2021-08-03,22302,age12-17
2021-08-03,32,age5-11
2021-08-02,44270,age18-49
2021-08-02,12327,age50-64
2021-08-02,4828,age65
2021-08-02,19556,age12-17
2021-08-02,22,age5-11
2021-08-01,17813,age18-49
2021-08-01,4644,age50-64
2021-08-01,1512,age65
2021-08-01,6728,age12-17
2021-08-01,19,age5-11
2021-07-31,33629,age18-49
2021-07-31,9686,age50-64
2021-07-31,3059,age65
2021-07-31,14248,age12-17
2021-07-31,34,age5-11
2021-07-30,53365,age18-49
2021-07-30,16088,age50-64
2021-07-30,5909,age65
2021-07-30,22653,age12-17
2021-07-30,36,age5-11
2021-07-29,44970,age18-49
2021-07-29,12742,age50-64
2021-07-29,5538,age65
2021-07-29,19311,age12-17
2021-07-29,34,age5-11
2021-07-28,47055,age18-49
2021-07-28,13306,age50-64
2021-07-28,5543,age65
2021-07-28,19443,age12-17
2021-07-28,19,age5-11
2021-07-27,46554,age18-49
2021-07-27,13598,age50-64
2021-07-27,5613,age65
2021-07-27,20088,age12-17
2021-07-27,28,age5-11
2021-07-26,40235,age18-49
2021-07-26,11890,age50-64
2021-07-26,4580,age65
2021-07-26,15771,age12-17
2021-07-26,23,age5-11
2021-07-25,15100,age18-49
2021-07-25,4133,age50-64
2021-07-25,1254,age65
2021-07-25,5335,age12-17
2021-07-25,14,age5-11
2021-07-24,31479,age18-49
2021-07-24,9957,age50-64
2021-07-24,3062,age65
2021-07-24,12108,age12-17
2021-07-24,24,age5-11
2021-07-23,49913,age18-49
2021-07-23,15678,age50-64
2021-07-23,5816,age65
2021-07-23,21467,age12-17
2021-07-23,38,age5-11
2021-07-22,42390,age18-49
2021-07-22,12685,age50-64
2021-07-22,5268,age65
2021-07-22,18194,age12-17
2021-07-22,28,age5-11
2021-07-21,42084,age18-49
2021-07-21,12637,age50-64
2021-07-21,5095,age65
2021-07-21,18446,age12-17
2021-07-21,26,age5-11
2021-07-20,43003,age18-49
2021-07-20,12862,age50-64
2021-07-20,5073,age65
2021-07-20,19185,age12-17
2021-07-20,28,age5-11
2021-07-19,37580,age18-49
2021-07-19,11258,age50-64
2021-07-19,4252,age65
2021-07-19,17334,age12-17
2021-07-19,24,age5-11
2021-07-18,15543,age18-49
2021-07-18,4035,age50-64
2021-07-18,1216,age65
2021-07-18,6085,age12-17
2021-07-18,15,age5-11
2021-07-17,30439,age18-49
2021-07-17,9362,age50-64
2021-07-17,2837,age65
2021-07-17,13536,age12-17
2021-07-17,25,age5-11
2021-07-16,46549,age18-49
2021-07-16,14275,age50-64
2021-07-16,5191,age65
2021-07-16,20745,age12-17
2021-07-16,27,age5-11
2021-07-15,38485,age18-49
2021-07-15,10975,age50-64
2021-07-15,4585,age65
2021-07-15,17427,age12-17
2021-07-15,31,age5-11
2021-07-14,38071,age18-49
2021-07-14,11105,age50-64
2021-07-14,4586,age65
2021-07-14,16971,age12-17
2021-07-14,24,age5-11
2021-07-13,39790,age18-49
2021-07-13,11144,age50-64
2021-07-13,4662,age65
2021-07-13,17911,age12-17
2021-07-13,17,age5-11
2021-07-12,37070,age18-49
2021-07-12,10649,age50-64
2021-07-12,4123,age65
2021-07-12,17347,age12-17
2021-07-12,16,age5-11
2021-07-11,14158,age18-49
2021-07-11,3796,age50-64
2021-07-11,1182,age65
2021-07-11,5510,age12-17
2021-07-11,8,age5-11
2021-07-10,29419,age18-49
2021-07-10,8788,age50-64
2021-07-10,2604,age65
2021-07-10,13667,age12-17
2021-07-10,17,age5-11
2021-07-09,46680,age18-49
2021-07-09,14231,age50-64
2021-07-09,5200,age65
2021-07-09,20677,age12-17
2021-07-09,25,age5-11
2021-07-08,39586,age18-49
2021-07-08,11643,age50-64
2021-07-08,4954,age65
2021-07-08,18217,age12-17
2021-07-08,35,age5-11
2021-07-07,41705,age18-49
2021-07-07,11740,age50-64
2021-07-07,5060,age65
2021-07-07,19441,age12-17
2021-07-07,20,age5-11
2021-07-06,47457,age18-49
2021-07-06,14278,age50-64
2021-07-06,5819,age65
2021-07-06,23392,age12-17
2021-07-06,23,age5-11
2021-07-05,23760,age18-49
2021-07-05,7266,age50-64
2021-07-05,2580,age65
2021-07-05,9405,age12-17
2021-07-05,21,age5-11
2021-07-04,2147,age18-49
2021-07-04,777,age50-64
2021-07-04,226,age65
2021-07-04,594,age12-17
2021-07-03,26398,age18-49
2021-07-03,8322,age50-64
2021-07-03,2558,age65
2021-07-03,11511,age12-17
2021-07-03,19,age5-11
2021-07-02,46272,age18-49
2021-07-02,14747,age50-64
2021-07-02,5501,age65
2021-07-02,22569,age12-17
2021-07-02,32,age5-11
2021-07-01,41643,age18-49
2021-07-01,12214,age50-64
2021-07-01,5164,age65
2021-07-01,19956,age12-17
2021-07-01,29,age5-11
2021-06-30,44340,age18-49
2021-06-30,12877,age50-64
2021-06-30,5419,age65
2021-06-30,21244,age12-17
2021-06-30,33,age5-11
2021-06-29,46666,age18-49
2021-06-29,13963,age50-64
2021-06-29,5408,age65
2021-06-29,22351,age12-17
2021-06-29,42,age5-11
2021-06-28,39274,age18-49
2021-06-28,11309,age50-64
2021-06-28,4074,age65
2021-06-28,20938,age12-17
2021-06-28,31,age5-11
2021-06-27,18574,age18-49
2021-06-27,5091,age50-64
2021-06-27,1438,age65
2021-06-27,7975,age12-17
2021-06-27,17,age5-11
2021-06-26,37069,age18-49
2021-06-26,11345,age50-64
2021-06-26,3369,age65
2021-06-26,19617,age12-17
2021-06-26,34,age5-11
2021-06-25,57980,age18-49
2021-06-25,18044,age50-64
2021-06-25,6286,age65
2021-06-25,28537,age12-17
2021-06-25,28,age5-11
2021-06-24,51137,age18-49
2021-06-24,15311,age50-64
2021-06-24,6053,age65
2021-06-24,23217,age12-17
2021-06-24,25,age5-11
2021-06-23,52614,age18-49
2021-06-23,15031,age50-64
2021-06-23,6171,age65
2021-06-23,24846,age12-17
2021-06-23,31,age5-11
2021-06-22,55995,age18-49
2021-06-22,16319,age50-64
2021-06-22,6515,age65
2021-06-22,26541,age12-17
2021-06-22,30,age5-11
2021-06-21,41685,age18-49
2021-06-21,12038,age50-64
2021-06-21,4402,age65
2021-06-21,16950,age12-17
2021-06-21,26,age5-11
2021-06-20,18049,age18-49
2021-06-20,4922,age50-64
2021-06-20,1457,age65
2021-06-20,8084,age12-17
2021-06-20,6,age5-11
2021-06-19,41284,age18-49
2021-06-19,12479,age50-64
2021-06-19,3593,age65
2021-06-19,22769,age12-17
2021-06-19,32,age5-11
2021-06-18,69759,age18-49
2021-06-18,20763,age50-64
2021-06-18,7077,age65
2021-06-18,37582,age12-17
2021-06-18,42,age5-11
2021-06-17,62676,age18-49
2021-06-17,17778,age50-64
2021-06-17,6909,age65
2021-06-17,32587,age12-17
2021-06-17,55,age5-11
2021-06-16,64397,age18-49
2021-06-16,18217,age50-64
2021-06-16,7278,age65
2021-06-16,36364,age12-17
2021-06-16,44,age5-11
2021-06-15,71437,age18-49
2021-06-15,20865,age50-64
2021-06-15,8226,age65
2021-06-15,36915,age12-17
2021-06-15,44,age5-11
2021-06-14,59638,age18-49
2021-06-14,17851,age50-64
2021-06-14,6561,age65
2021-06-14,35956,age12-17
2021-06-14,48,age5-11
2021-06-13,22527,age18-49
2021-06-13,6707,age50-64
2021-06-13,1862,age65
2021-06-13,15422,age12-17
2021-06-13,21,age5-11
2021-06-12,54287,age18-49
2021-06-12,17019,age50-64
2021-06-12,4921,age65
2021-06-12,43680,age12-17
2021-06-12,50,age5-11
2021-06-11,78186,age18-49
2021-06-11,24791,age50-64
2021-06-11,8702,age65
2021-06-11,54442,age12-17
2021-06-11,65,age5-11
2021-06-10,70257,age18-49
2021-06-10,21756,age50-64
2021-06-10,8563,age65
2021-06-10,52222,age12-17
2021-06-10,61,age5-11
2021-06-09,71538,age18-49
2021-06-09,21517,age50-64
2021-06-09,8357,age65
2021-06-09,57457,age12-17
2021-06-09,55,age5-11
2021-06-08,73772,age18-49
2021-06-08,22749,age50-64
2021-06-08,8654,age65
2021-06-08,59066,age12-17
2021-06-08,72,age5-11
2021-06-07,61190,age18-49
2021-06-07,19069,age50-64
2021-06-07,7024,age65
2021-06-07,54432,age12-17
2021-06-07,60,age5-11
2021-06-06,24704,age18-49
2021-06-06,7293,age50-64
2021-06-06,1956,age65
2021-06-06,32267,age12-17
2021-06-06,50,age5-11
2021-06-05,64873,age18-49
2021-06-05,20489,age50-64
2021-06-05,5812,age65
2021-06-05,71838,age12-17
2021-06-05,84,age5-11
2021-06-04,90281,age18-49
2021-06-04,29947,age50-64
2021-06-04,9769,age65
2021-06-04,77214,age12-17
2021-06-04,84,age5-11
2021-06-03,81601,age18-49
2021-06-03,25936,age50-64
2021-06-03,9527,age65
2021-06-03,60496,age12-17
2021-06-03,81,age5-11
2021-06-02,86141,age18-49
2021-06-02,27267,age50-64
2021-06-02,9940,age65
2021-06-02,25021,age12-17
2021-06-02,40,age5-11
2021-06-01,105797,age18-49
2021-06-01,34255,age50-64
2021-06-01,12102,age65
2021-06-01,23532,age12-17
2021-06-01,37,age5-11
2021-05-31,13219,age18-49
2021-05-31,4281,age50-64
2021-05-31,1511,age65
2021-05-31,2092,age12-17
2021-05-31,1,age5-11
2021-05-30,29945,age18-49
2021-05-30,9194,age50-64
2021-05-30,2526,age65
2021-05-30,7459,age12-17
2021-05-30,8,age5-11
2021-05-29,65710,age18-49
2021-05-29,20980,age50-64
2021-05-29,5839,age65
2021-05-29,18472,age12-17
2021-05-29,15,age5-11
2021-05-28,114765,age18-49
2021-05-28,37418,age50-64
2021-05-28,11694,age65
2021-05-28,32649,age12-17
2021-05-28,43,age5-11
2021-05-27,107346,age18-49
2021-05-27,33668,age50-64
2021-05-27,11812,age65
2021-05-27,26415,age12-17
2021-05-27,37,age5-11
2021-05-26,114870,age18-49
2021-05-26,35011,age50-64
2021-05-26,12061,age65
2021-05-26,30146,age12-17
2021-05-26,44,age5-11
2021-05-25,118816,age18-49
2021-05-25,37608,age50-64
2021-05-25,12636,age65
2021-05-25,28135,age12-17
2021-05-25,33,age5-11
2021-05-24,106957,age18-49
2021-05-24,34189,age50-64
2021-05-24,11031,age65
2021-05-24,26038,age12-17
2021-05-24,45,age5-11
2021-05-23,54341,age18-49
2021-05-23,15938,age50-64
2021-05-23,4131,age65
2021-05-23,19466,age12-17
2021-05-23,18,age5-11
2021-05-22,118935,age18-49
2021-05-22,36711,age50-64
2021-05-22,9267,age65
2021-05-22,47622,age12-17
2021-05-22,43,age5-11
2021-05-21,173157,age18-49
2021-05-21,54114,age50-64
2021-05-21,15621,age65
2021-05-21,51776,age12-17
2021-05-21,58,age5-11
2021-05-20,161719,age18-49
2021-05-20,50119,age50-64
2021-05-20,15846,age65
2021-05-20,47997,age12-17
2021-05-20,41,age5-11
2021-05-19,163969,age18-49
2021-05-19,48830,age50-64
2021-05-19,15564,age65
2021-05-19,58996,age12-17
2021-05-19,66,age5-11
2021-05-18,171628,age18-49
2021-05-18,51075,age50-64
2021-05-18,15928,age65
2021-05-18,54656,age12-17
2021-05-18,70,age5-11
2021-05-17,142586,age18-49
2021-05-17,42562,age50-64
2021-05-17,12662,age65
2021-05-17,51718,age12-17
2021-05-17,60,age5-11
2021-05-16,78288,age18-49
2021-05-16,20651,age50-64
2021-05-16,4657,age65
2021-05-16,42740,age12-17
2021-05-16,53,age5-11
2021-05-15,154714,age18-49
2021-05-15,45071,age50-64
2021-05-15,10897,age65
2021-05-15,79750,age12-17
2021-05-15,79,age5-11
2021-05-14,201037,age18-49
2021-05-14,60417,age50-64
2021-05-14,16415,age65
2021-05-14,77170,age12-17
2021-05-14,88,age5-11
2021-05-13,187798,age18-49
2021-05-13,16172,age65
2021-05-13,55384,age50-64
2021-05-13,69603,age12-17
2021-05-13,102,age5-11
2021-05-12,181773,age18-49
2021-05-12,16936,age65
2021-05-12,59321,age50-64
2021-05-12,24277,age12-17
2021-05-12,34,age5-11
2021-05-11,187908,age18-49
2021-05-11,17248,age65
2021-05-11,63491,age50-64
2021-05-11,17041,age12-17
2021-05-11,19,age5-11
2021-05-10,141238,age18-49
2021-05-10,12894,age65
2021-05-10,48714,age50-64
2021-05-10,12525,age12-17
2021-05-10,16,age5-11
2021-05-09,69218,age18-49
2021-05-09,3874,age65
2021-05-09,17619,age50-64
2021-05-09,8822,age12-17
2021-05-09,2,age5-11
2021-05-08,159786,age18-49
2021-05-08,10756,age65
2021-05-08,52715,age50-64
2021-05-08,19550,age12-17
2021-05-08,6,age5-11
2021-05-07,238576,age18-49
2021-05-07,19363,age65
2021-05-07,86482,age50-64
2021-05-07,21843,age12-17
2021-05-07,24,age5-11
2021-05-06,239560,age18-49
2021-05-06,21048,age65
2021-05-06,87875,age50-64
2021-05-06,20502,age12-17
2021-05-06,19,age5-11
2021-05-05,215326,age18-49
2021-05-05,22295,age65
2021-05-05,96487,age50-64
2021-05-05,17064,age12-17
2021-05-05,32,age5-11
2021-05-04,202459,age18-49
2021-05-04,21987,age65
2021-05-04,101246,age50-64
2021-05-04,13282,age12-17
2021-05-04,31,age5-11
2021-05-03,146767,age18-49
2021-05-03,16383,age65
2021-05-03,85505,age50-64
2021-05-03,9980,age12-17
2021-05-03,24,age5-11
2021-05-02,74926,age18-49
2021-05-02,6190,age65
2021-05-02,34210,age50-64
2021-05-02,6802,age12-17
2021-05-02,7,age5-11
2021-05-01,154979,age18-49
2021-05-01,13970,age65
2021-05-01,79711,age50-64
2021-05-01,14846,age12-17
2021-05-01,6,age5-11
2021-04-30,229271,age18-49
2021-04-30,24710,age65
2021-04-30,128594,age50-64
2021-04-30,16855,age12-17
2021-04-30,23,age5-11
2021-04-29,214741,age18-49
2021-04-29,26085,age65
2021-04-29,129307,age50-64
2021-04-29,14866,age12-17
2021-04-29,33,age5-11
2021-04-28,216157,age18-49
2021-04-28,26413,age65
2021-04-28,116568,age50-64
2021-04-28,15014,age12-17
2021-04-28,52,age5-11
2021-04-27,220370,age18-49
2021-04-27,26891,age65
2021-04-27,127400,age50-64
2021-04-27,13205,age12-17
2021-04-27,47,age5-11
2021-04-26,180680,age18-49
2021-04-26,21920,age65
2021-04-26,102358,age50-64
2021-04-26,11790,age12-17
2021-04-26,42,age5-11
2021-04-25,95764,age18-49
2021-04-25,7898,age65
2021-04-25,43005,age50-64
2021-04-25,9782,age12-17
2021-04-25,2,age5-11
2021-04-24,202248,age18-49
2021-04-24,17824,age65
2021-04-24,101035,age50-64
2021-04-24,18986,age12-17
2021-04-24,7,age5-11
2021-04-23,272204,age18-49
2021-04-23,29696,age65
2021-04-23,145935,age50-64
2021-04-23,18416,age12-17
2021-04-23,36,age5-11
2021-04-22,274474,age18-49
2021-04-22,31265,age65
2021-04-22,151034,age50-64
2021-04-22,17247,age12-17
2021-04-22,47,age5-11
2021-04-21,278376,age18-49
2021-04-21,30562,age65
2021-04-21,126289,age50-64
2021-04-21,20916,age12-17
2021-04-21,36,age5-11
2021-04-20,264660,age18-49
2021-04-20,28903,age65
2021-04-20,118962,age50-64
2021-04-20,16871,age12-17
2021-04-20,32,age5-11
2021-04-19,200699,age18-49
2021-04-19,23560,age65
2021-04-19,93950,age50-64
2021-04-19,13038,age12-17
2021-04-19,32,age5-11
2021-04-18,107017,age18-49
2021-04-18,8264,age65
2021-04-18,43701,age50-64
2021-04-18,9411,age12-17
2021-04-18,4,age5-11
2021-04-17,226182,age18-49
2021-04-17,20737,age65
2021-04-17,91295,age50-64
2021-04-17,19411,age12-17
2021-04-17,24,age5-11
2021-04-16,307996,age18-49
2021-04-16,34066,age65
2021-04-16,134197,age50-64
2021-04-16,19489,age12-17
2021-04-16,53,age5-11
2021-04-15,319612,age18-49
2021-04-15,36727,age65
2021-04-15,133867,age50-64
2021-04-15,19037,age12-17
2021-04-15,34,age5-11
2021-04-14,276825,age18-49
2021-04-14,36140,age65
2021-04-14,141755,age50-64
2021-04-14,14120,age12-17
2021-04-14,33,age5-11
2021-04-13,261693,age18-49
2021-04-13,35671,age65
2021-04-13,140333,age50-64
2021-04-13,11087,age12-17
2021-04-13,36,age5-11
2021-04-12,193846,age18-49
2021-04-12,32137,age65
2021-04-12,119921,age50-64
2021-04-12,7620,age12-17
2021-04-12,21,age5-11
2021-04-11,115317,age18-49
2021-04-11,13247,age65
2021-04-11,62194,age50-64
2021-04-11,5038,age12-17
2021-04-11,1,age5-11
2021-04-10,215204,age18-49
2021-04-10,32943,age65
2021-04-10,129226,age50-64
2021-04-10,7515,age12-17
2021-04-10,3,age5-11
2021-04-09,276340,age18-49
2021-04-09,48877,age65
2021-04-09,181144,age50-64
2021-04-09,9823,age12-17
2021-04-09,16,age5-11
2021-04-08,265557,age18-49
2021-04-08,53157,age65
2021-04-08,192327,age50-64
2021-04-08,9111,age12-17
2021-04-08,31,age5-11
2021-04-07,249173,age18-49
2021-04-07,50385,age65
2021-04-07,185373,age50-64
2021-04-07,8283,age12-17
2021-04-07,13,age5-11
2021-04-06,230465,age18-49
2021-04-06,52181,age65
2021-04-06,186981,age50-64
2021-04-06,6885,age12-17
2021-04-06,11,age5-11
2021-04-05,43075,age65
2021-04-05,172057,age18-49
2021-04-05,150896,age50-64
2021-04-05,4766,age12-17
2021-04-05,4,age5-11
2021-04-04,13229,age65
2021-04-04,71534,age18-49
2021-04-04,50039,age50-64
2021-04-04,1848,age12-17
2021-04-04,3,age5-11
2021-04-03,35206,age65
2021-04-03,172378,age18-49
2021-04-03,130447,age50-64
2021-04-03,4804,age12-17
2021-04-03,6,age5-11
2021-04-02,62133,age65
2021-04-02,234166,age18-49
2021-04-02,193787,age50-64
2021-04-02,5789,age12-17
2021-04-02,21,age5-11
2021-04-01,70286,age65
2021-04-01,232182,age18-49
2021-04-01,207007,age50-64
2021-04-01,6164,age12-17
2021-04-01,14,age5-11
2021-03-31,71724,age65
2021-03-31,220563,age18-49
2021-03-31,146449,age50-64
2021-03-31,5981,age12-17
2021-03-31,15,age5-11
2021-03-30,70150,age65
2021-03-30,205667,age18-49
2021-03-30,137069,age50-64
2021-03-30,5278,age12-17
2021-03-30,9,age5-11
2021-03-29,56028,age65
2021-03-29,162660,age18-49
2021-03-29,104089,age50-64
2021-03-29,4003,age12-17
2021-03-29,6,age5-11
2021-03-28,27568,age65
2021-03-28,93442,age18-49
2021-03-28,53272,age50-64
2021-03-28,2624,age12-17
2021-03-28,8,age5-11
2021-03-27,56810,age65
2021-03-27,165318,age18-49
2021-03-27,101317,age50-64
2021-03-27,3554,age12-17
2021-03-27,6,age5-11
2021-03-26,85760,age65
2021-03-26,223972,age18-49
2021-03-26,141552,age50-64
2021-03-26,4395,age12-17
2021-03-26,9,age5-11
2021-03-25,81178,age65
2021-03-25,213240,age18-49
2021-03-25,140513,age50-64
2021-03-25,3889,age12-17
2021-03-25,10,age5-11
2021-03-24,77622,age65
2021-03-24,196521,age18-49
2021-03-24,128087,age50-64
2021-03-24,3741,age12-17
2021-03-24,13,age5-11
2021-03-23,71389,age65
2021-03-23,178405,age18-49
2021-03-23,121497,age50-64
2021-03-23,2968,age12-17
2021-03-23,9,age5-11
2021-03-22,55085,age65
2021-03-22,133048,age18-49
2021-03-22,94370,age50-64
2021-03-22,2548,age12-17
2021-03-22,10,age5-11
2021-03-21,22135,age65
2021-03-21,77112,age18-49
2021-03-21,50285,age50-64
2021-03-21,1575,age12-17
2021-03-21,6,age5-11
2021-03-20,62605,age65
2021-03-20,144004,age18-49
2021-03-20,100297,age50-64
2021-03-20,2314,age12-17
2021-03-20,8,age5-11
2021-03-19,102527,age65
2021-03-19,194234,age18-49
2021-03-19,131771,age50-64
2021-03-19,2625,age12-17
2021-03-19,6,age5-11
2021-03-18,111762,age65
2021-03-18,178490,age18-49
2021-03-18,130085,age50-64
2021-03-18,2379,age12-17
2021-03-18,13,age5-11
2021-03-17,108724,age65
2021-03-17,171211,age18-49
2021-03-17,124204,age50-64
2021-03-17,2329,age12-17
2021-03-17,15,age5-11
2021-03-16,119543,age65
2021-03-16,156770,age18-49
2021-03-16,110382,age50-64
2021-03-16,1901,age12-17
2021-03-16,14,age5-11
2021-03-15,98643,age65
2021-03-15,119066,age18-49
2021-03-15,84269,age50-64
2021-03-15,1615,age12-17
2021-03-15,15,age5-11
2021-03-14,49166,age65
2021-03-14,69389,age18-49
2021-03-14,42841,age50-64
2021-03-14,1038,age12-17
2021-03-14,2,age5-11
2021-03-13,96374,age65
2021-03-13,124240,age18-49
2021-03-13,76214,age50-64
2021-03-13,1378,age12-17
2021-03-13,10,age5-11
2021-03-12,148657,age65
2021-03-12,162466,age18-49
2021-03-12,103335,age50-64
2021-03-12,1435,age12-17
2021-03-12,25,age5-11
2021-03-11,143821,age65
2021-03-11,151839,age18-49
2021-03-11,99796,age50-64
2021-03-11,1339,age12-17
2021-03-11,14,age5-11
2021-03-10,128016,age65
2021-03-10,130351,age18-49
2021-03-10,82653,age50-64
2021-03-10,1241,age12-17
2021-03-10,16,age5-11
2021-03-09,120205,age65
2021-03-09,117113,age18-49
2021-03-09,72070,age50-64
2021-03-09,1183,age12-17
2021-03-09,39,age5-11
2021-03-08,82590,age65
2021-03-08,96014,age18-49
2021-03-08,57459,age50-64
2021-03-08,1118,age12-17
2021-03-08,4,age5-11
2021-03-07,50608,age65
2021-03-07,58232,age18-49
2021-03-07,32456,age50-64
2021-03-07,756,age12-17
2021-03-07,4,age5-11
2021-03-06,102273,age65
2021-03-06,107958,age18-49
2021-03-06,64543,age50-64
2021-03-06,951,age12-17
2021-03-06,8,age5-11
2021-03-05,148800,age65
2021-03-05,137717,age18-49
2021-03-05,81480,age50-64
2021-03-05,963,age12-17
2021-03-05,12,age5-11
2021-03-04,173028,age65
2021-03-04,130084,age18-49
2021-03-04,78709,age50-64
2021-03-04,1013,age12-17
2021-03-04,17,age5-11
2021-03-03,170784,age65
2021-03-03,118578,age18-49
2021-03-03,72949,age50-64
2021-03-03,742,age12-17
2021-03-03,10,age5-11
2021-03-02,155400,age65
2021-03-02,102295,age18-49
2021-03-02,63274,age50-64
2021-03-02,648,age12-17
2021-03-02,8,age5-11
2021-03-01,134934,age65
2021-03-01,81569,age18-49
2021-03-01,51004,age50-64
2021-03-01,470,age12-17
2021-03-01,25,age5-11
2021-02-28,81419,age65
2021-02-28,41394,age18-49
2021-02-28,24200,age50-64
2021-02-28,323,age12-17
2021-02-28,6,age5-11
2021-02-27,154851,age65
2021-02-27,71957,age18-49
2021-02-27,47251,age50-64
2021-02-27,478,age12-17
2021-02-27,9,age5-11
2021-02-26,209982,age65
2021-02-26,106445,age18-49
2021-02-26,67696,age50-64
2021-02-26,522,age12-17
2021-02-26,18,age5-11
2021-02-25,201675,age65
2021-02-25,88010,age18-49
2021-02-25,59492,age50-64
2021-02-25,452,age12-17
2021-02-25,15,age5-11
2021-02-24,184164,age65
2021-02-24,73684,age18-49
2021-02-24,49973,age50-64
2021-02-24,402,age12-17
2021-02-24,11,age5-11
2021-02-23,151123,age65
2021-02-23,58385,age18-49
2021-02-23,38683,age50-64
2021-02-23,280,age12-17
2021-02-23,10,age5-11
2021-02-22,105624,age65
2021-02-22,45323,age18-49
2021-02-22,29336,age50-64
2021-02-22,268,age12-17
2021-02-22,12,age5-11
2021-02-21,59057,age65
2021-02-21,20411,age18-49
2021-02-21,12899,age50-64
2021-02-21,156,age12-17
2021-02-21,6,age5-11
2021-02-20,100657,age65
2021-02-20,36878,age18-49
2021-02-20,26549,age50-64
2021-02-20,280,age12-17
2021-02-20,10,age5-11
2021-02-19,156927,age65
2021-02-19,67607,age18-49
2021-02-19,43190,age50-64
2021-02-19,299,age12-17
2021-02-19,12,age5-11
2021-02-18,179685,age65
2021-02-18,65291,age18-49
2021-02-18,42728,age50-64
2021-02-18,288,age12-17
2021-02-18,17,age5-11
2021-02-17,175740,age65
2021-02-17,58557,age18-49
2021-02-17,38425,age50-64
2021-02-17,256,age12-17
2021-02-17,8,age5-11
2021-02-16,168657,age65
2021-02-16,56004,age18-49
2021-02-16,37853,age50-64
2021-02-16,222,age12-17
2021-02-16,8,age5-11
2021-02-15,100443,age65
2021-02-15,28791,age18-49
2021-02-15,19571,age50-64
2021-02-15,158,age12-17
2021-02-15,12,age5-11
2021-02-14,70746,age65
2021-02-14,16793,age18-49
2021-02-14,11658,age50-64
2021-02-14,94,age12-17
2021-02-14,2,age5-11
2021-02-13,113197,age65
2021-02-13,36882,age18-49
2021-02-13,23587,age50-64
2021-02-13,130,age12-17
2021-02-13,1,age5-11
2021-02-12,163673,age65
2021-02-12,75982,age18-49
2021-02-12,45534,age50-64
2021-02-12,240,age12-17
2021-02-12,22,age5-11
2021-02-11,162067,age65
2021-02-11,71194,age18-49
2021-02-11,44174,age50-64
2021-02-11,258,age12-17
2021-02-11,13,age5-11
2021-02-10,145309,age65
2021-02-10,73252,age18-49
2021-02-10,42350,age50-64
2021-02-10,256,age12-17
2021-02-10,8,age5-11
2021-02-09,122787,age65
2021-02-09,61056,age18-49
2021-02-09,37378,age50-64
2021-02-09,215,age12-17
2021-02-09,12,age5-11
2021-02-08,112526,age65
2021-02-08,49225,age18-49
2021-02-08,29712,age50-64
2021-02-08,173,age12-17
2021-02-08,12,age5-11
2021-02-07,47138,age65
2021-02-07,14736,age18-49
2021-02-07,9033,age50-64
2021-02-07,77,age12-17
2021-02-07,3,age5-11
2021-02-06,106489,age65
2021-02-06,35870,age18-49
2021-02-06,21498,age50-64
2021-02-06,164,age12-17
2021-02-06,3,age5-11
2021-02-05,142765,age65
2021-02-05,75085,age18-49
2021-02-05,42962,age50-64
2021-02-05,194,age12-17
2021-02-05,13,age5-11
2021-02-04,141403,age65
2021-02-04,61844,age18-49
2021-02-04,37442,age50-64
2021-02-04,162,age12-17
2021-02-04,16,age5-11
2021-02-03,133103,age65
2021-02-03,57010,age18-49
2021-02-03,33693,age50-64
2021-02-03,192,age12-17
2021-02-03,18,age5-11
2021-02-02,120309,age65
2021-02-02,48441,age18-49
2021-02-02,29394,age50-64
2021-02-02,177,age12-17
2021-02-02,19,age5-11
2021-02-01,104382,age65
2021-02-01,42995,age18-49
2021-02-01,26000,age50-64
2021-02-01,137,age12-17
2021-02-01,15,age5-11
2021-01-31,10741,age18-49
2021-01-31,56820,age65
2021-01-31,7086,age50-64
2021-01-31,46,age12-17
2021-01-31,1,age5-11
2021-01-30,23811,age18-49
2021-01-30,93421,age65
2021-01-30,14484,age50-64
2021-01-30,125,age12-17
2021-01-30,1,age5-11
2021-01-29,49468,age18-49
2021-01-29,116350,age65
2021-01-29,28824,age50-64
2021-01-29,131,age12-17
2021-01-29,8,age5-11
2021-01-28,47440,age18-49
2021-01-28,123264,age65
2021-01-28,28845,age50-64
2021-01-28,145,age12-17
2021-01-28,5,age5-11
2021-01-27,49003,age18-49
2021-01-27,114470,age65
2021-01-27,29517,age50-64
2021-01-27,133,age12-17
2021-01-27,9,age5-11
2021-01-26,45807,age18-49
2021-01-26,105504,age65
2021-01-26,28693,age50-64
2021-01-26,126,age12-17
2021-01-26,7,age5-11
2021-01-25,41064,age18-49
2021-01-25,88182,age65
2021-01-25,24932,age50-64
2021-01-25,111,age12-17
2021-01-25,11,age5-11
2021-01-24,12730,age18-49
2021-01-24,42958,age65
2021-01-24,7564,age50-64
2021-01-24,50,age12-17
2021-01-24,13,age5-11
2021-01-23,27605,age18-49
2021-01-23,73187,age65
2021-01-23,15878,age50-64
2021-01-23,81,age12-17
2021-01-23,15,age5-11
2021-01-22,49402,age18-49
2021-01-22,101169,age65
2021-01-22,28472,age50-64
2021-01-22,125,age12-17
2021-01-22,8,age5-11
2021-01-21,50235,age18-49
2021-01-21,105456,age65
2021-01-21,29620,age50-64
2021-01-21,150,age12-17
2021-01-21,16,age5-11
2021-01-20,57550,age18-49
2021-01-20,31702,age50-64
2021-01-20,82310,age65
2021-01-20,203,age12-17
2021-01-20,7,age5-11
2021-01-19,55940,age18-49
2021-01-19,32040,age50-64
2021-01-19,62848,age65
2021-01-19,146,age12-17
2021-01-19,9,age5-11
2021-01-18,31258,age18-49
2021-01-18,17124,age50-64
2021-01-18,42850,age65
2021-01-18,111,age12-17
2021-01-18,7,age5-11
2021-01-17,15041,age18-49
2021-01-17,8037,age50-64
2021-01-17,26697,age65
2021-01-17,32,age12-17
2021-01-17,3,age5-11
2021-01-16,33486,age18-49
2021-01-16,15911,age50-64
2021-01-16,36242,age65
2021-01-16,91,age12-17
2021-01-15,69560,age18-49
2021-01-15,34839,age50-64
2021-01-15,45725,age65
2021-01-15,117,age12-17
2021-01-15,16,age5-11
2021-01-14,63568,age18-49
2021-01-14,32039,age50-64
2021-01-14,36279,age65
2021-01-14,92,age12-17
2021-01-14,9,age5-11
2021-01-13,67827,age18-49
2021-01-13,32270,age50-64
2021-01-13,26366,age65
2021-01-13,140,age12-17
2021-01-13,5,age5-11
2021-01-12,67911,age18-49
2021-01-12,32678,age50-64
2021-01-12,20966,age65
2021-01-12,118,age12-17
2021-01-12,4,age5-11
2021-01-11,62901,age18-49
2021-01-11,29809,age50-64
2021-01-11,18474,age65
2021-01-11,90,age12-17
2021-01-11,4,age5-11
2021-01-10,16003,age18-49
2021-01-10,6426,age50-64
2021-01-10,2948,age65
2021-01-10,20,age12-17
2021-01-09,29029,age18-49
2021-01-09,12527,age50-64
2021-01-09,5678,age65
2021-01-09,24,age12-17
2021-01-09,3,age5-11
2021-01-08,68435,age18-49
2021-01-08,32991,age50-64
2021-01-08,14101,age65
2021-01-08,58,age12-17
2021-01-07,58271,age18-49
2021-01-07,28580,age50-64
2021-01-07,13187,age65
2021-01-07,39,age12-17
2021-01-07,5,age5-11
2021-01-06,45536,age18-49
2021-01-06,22655,age50-64
2021-01-06,10689,age65
2021-01-06,46,age12-17
2021-01-06,3,age5-11
2021-01-05,33739,age18-49
2021-01-05,17392,age50-64
2021-01-05,9318,age65
2021-01-05,36,age12-17
2021-01-04,27606,age18-49
2021-01-04,13956,age50-64
2021-01-04,7698,age65
2021-01-04,42,age12-17
2021-01-04,6,age5-11
2021-01-03,4206,age18-49
2021-01-03,1608,age50-64
2021-01-03,960,age65
2021-01-03,8,age12-17
2021-01-02,10867,age18-49
2021-01-02,5326,age50-64
2021-01-02,3218,age65
2021-01-02,14,age12-17
2021-01-02,1,age5-11
2021-01-01,2697,age18-49
2021-01-01,1771,age50-64
2021-01-01,1969,age65
2021-01-01,29,age12-17
2020-12-31,18657,age18-49
2020-12-31,9204,age50-64
2020-12-31,3849,age65
2020-12-31,11,age12-17
2020-12-30,38760,age18-49
2020-12-30,19334,age50-64
2020-12-30,9532,age65
2020-12-30,79,age12-17
2020-12-30,7,age5-11
2020-12-29,32138,age18-49
2020-12-29,16545,age50-64
2020-12-29,6954,age65
2020-12-29,40,age12-17
2020-12-29,10,age5-11
2020-12-28,29359,age18-49
2020-12-28,14837,age50-64
2020-12-28,5073,age65
2020-12-28,30,age12-17
2020-12-28,2,age5-11
2020-12-27,6608,age18-49
2020-12-27,2724,age50-64
2020-12-27,686,age65
2020-12-27,6,age12-17
2020-12-27,1,age5-11
2020-12-26,10135,age18-49
2020-12-26,4395,age50-64
2020-12-26,1059,age65
2020-12-26,15,age12-17
2020-12-25,1545,age18-49
2020-12-25,682,age50-64
2020-12-25,272,age65
2020-12-25,2,age12-17
2020-12-24,15984,age18-49
2020-12-24,7473,age50-64
2020-12-24,2165,age65
2020-12-24,10,age12-17
2020-12-23,34077,age18-49
2020-12-23,15776,age50-64
2020-12-23,4292,age65
2020-12-23,39,age12-17
2020-12-23,2,age5-11
2020-12-22,34335,age18-49
2020-12-22,15717,age50-64
2020-12-22,3760,age65
2020-12-22,24,age12-17
2020-12-22,1,age5-11
2020-12-21,34100,age18-49
2020-12-21,15587,age50-64
2020-12-21,3609,age65
2020-12-21,14,age12-17
2020-12-21,3,age5-11
2020-12-20,13655,age18-49
2020-12-20,5428,age50-64
2020-12-20,1239,age65
2020-12-20,6,age12-17
2020-12-19,17832,age18-49
2020-12-19,7419,age50-64
2020-12-19,1906,age65
2020-12-19,10,age12-17
2020-12-19,1,age5-11
2020-12-18,31334,age18-49
2020-12-18,14689,age50-64
2020-12-18,3498,age65
2020-12-18,8,age12-17
2020-12-18,1,age5-11
2020-12-17,18635,age18-49
2020-12-17,8731,age50-64
2020-12-17,2182,age65
2020-12-17,7,age12-17
2020-12-16,6181,age18-49
2020-12-16,2806,age50-64
2020-12-16,720,age65
2020-12-16,12,age12-17
2020-12-15,960,age18-49
2020-12-15,348,age50-64
2020-12-15,104,age65
2020-12-15,10,age12-17
2020-12-14,44,age18-49
2020-12-14,44,age50-64
2020-12-14,17,age65
2020-12-14,7,age12-17
2020-12-13,23,age18-49
2020-12-13,16,age50-64
2020-12-13,12,age65
2020-12-13,1,age12-17
2020-12-12,49,age18-49
2020-12-12,23,age50-64
2020-12-12,7,age65
2020-12-12,1,age12-17
2020-12-11,38,age18-49
2020-12-11,22,age50-64
2020-12-11,15,age65
2020-12-11,1,age12-17
2020-12-11,1,age5-11
2020-12-10,30,age18-49
2020-12-10,22,age50-64
2020-12-10,19,age65
2020-12-10,3,age12-17
2020-12-09,19,age18-49
2020-12-09,12,age50-64
2020-12-09,12,age65
2020-12-09,3,age12-17
2020-12-08,52,age18-49
2020-12-08,29,age50-64
2020-12-08,20,age65
2020-12-08,3,age12-17
2020-12-07,35,age18-49
2020-12-07,30,age50-64
2020-12-07,12,age65
2020-12-07,5,age12-17
2020-12-06,15,age18-49
2020-12-06,11,age50-64
2020-12-06,9,age65
2020-12-05,15,age18-49
2020-12-05,16,age50-64
2020-12-05,10,age65
2020-12-04,27,age18-49
2020-12-04,18,age50-64
2020-12-04,13,age65
2020-12-04,5,age12-17
2020-12-03,48,age18-49
2020-12-03,37,age50-64
2020-12-03,22,age65
2020-12-03,10,age12-17
2020-12-02,46,age18-49
2020-12-02,31,age50-64
2020-12-02,18,age65
2020-12-02,11,age12-17
2020-12-01,172,age18-49
2020-12-01,139,age50-64
2020-12-01,87,age65
2020-12-01,6,age12-17
2020-11-30,7,age18-49
2020-11-30,8,age50-64
2020-11-30,10,age65
2020-11-30,3,age12-17
2020-11-29,1,age18-49
2020-11-29,2,age50-64
2020-11-29,1,age65
2020-11-28,5,age18-49
2020-11-28,6,age50-64
2020-11-28,2,age65
2020-11-27,4,age18-49
2020-11-27,6,age50-64
2020-11-27,5,age65
2020-11-27,1,age12-17
2020-11-26,4,age18-49
2020-11-26,1,age50-64
2020-11-26,3,age65
2020-11-25,3,age18-49
2020-11-25,6,age50-64
2020-11-25,6,age65
2020-11-25,3,age12-17
2020-11-24,7,age18-49
2020-11-24,11,age50-64
2020-11-24,6,age65
2020-11-24,8,age12-17
2020-11-23,10,age18-49
2020-11-23,7,age50-64
2020-11-23,8,age65
2020-11-23,5,age12-17
2020-11-22,12,age18-49
2020-11-22,10,age50-64
2020-11-22,8,age65
2020-11-21,3,age18-49
2020-11-21,2,age50-64
2020-11-21,4,age65
2020-11-20,20,age18-49
2020-11-20,14,age50-64
2020-11-20,6,age65
2020-11-20,3,age12-17
2020-11-19,5,age18-49
2020-11-19,9,age50-64
2020-11-19,9,age65
2020-11-19,1,age12-17
2020-11-19,1,age5-11
2020-11-18,14,age18-49
2020-11-18,5,age50-64
2020-11-18,7,age65
2020-11-18,4,age12-17
2020-11-17,11,age18-49
2020-11-17,7,age50-64
2020-11-17,2,age65
2020-11-16,19,age18-49
2020-11-16,9,age50-64
2020-11-16,2,age65
2020-11-16,1,age12-17
2020-11-15,11,age18-49
2020-11-15,4,age50-64
2020-11-15,1,age65
2020-11-14,11,age18-49
2020-11-14,3,age50-64
2020-11-13,19,age18-49
2020-11-13,12,age50-64
2020-11-13,3,age65
2020-11-13,1,age12-17
2020-11-12,12,age18-49
2020-11-12,2,age50-64
2020-11-12,3,age65
2020-11-12,2,age12-17
2020-11-12,1,age5-11
2020-11-11,16,age18-49
2020-11-11,9,age50-64
2020-11-11,6,age65
2020-11-11,2,age12-17
2020-11-10,10,age18-49
2020-11-10,1,age50-64
2020-11-10,8,age65
2020-11-09,1,age18-49
2020-11-09,3,age50-64
2020-11-09,2,age65
2020-11-08,2,age50-64
2020-11-08,1,age65
2020-11-07,2,age50-64
2020-11-07,1,age65
2020-11-06,1,age18-49
2020-11-06,1,age50-64
2020-11-06,2,age65
2020-11-06,1,age12-17
2020-11-05,27,age18-49
2020-11-05,14,age50-64
2020-11-05,17,age65
2020-11-05,4,age12-17
2020-11-05,1,age5-11
2020-11-04,6,age18-49
2020-11-04,10,age50-64
2020-11-04,10,age65
2020-11-03,3,age18-49
2020-11-03,3,age50-64
2020-11-03,5,age65
2020-11-02,9,age18-49
2020-11-02,5,age50-64
2020-11-02,6,age65
2020-11-01,14,age18-49
2020-11-01,9,age50-64
2020-11-01,10,age65
2020-11-01,1,age5-11
2020-10-31,6,age18-49
2020-10-31,2,age50-64
2020-10-31,1,age65
2020-10-30,4,age18-49
2020-10-30,6,age50-64
2020-10-30,2,age65
2020-10-30,1,age12-17
2020-10-29,5,age18-49
2020-10-29,5,age50-64
2020-10-29,2,age65
2020-10-29,1,age12-17
2020-10-28,3,age18-49
2020-10-28,6,age50-64
2020-10-28,2,age65
2020-10-27,9,age18-49
2020-10-27,5,age50-64
2020-10-27,1,age65
2020-10-26,9,age18-49
2020-10-26,2,age50-64
2020-10-26,4,age65
2020-10-26,1,age12-17
2020-10-25,1,age18-49
2020-10-25,2,age65
2020-10-24,6,age18-49
2020-10-24,1,age65
2020-10-23,13,age18-49
2020-10-23,9,age50-64
2020-10-23,4,age65
2020-10-22,6,age18-49
2020-10-22,3,age50-64
2020-10-22,6,age65
2020-10-22,1,age12-17
2020-10-21,15,age18-49
2020-10-21,4,age50-64
2020-10-21,5,age65
2020-10-20,8,age18-49
2020-10-20,6,age50-64
2020-10-20,3,age65
2020-10-19,15,age18-49
2020-10-19,9,age50-64
2020-10-19,6,age65
2020-10-19,1,age12-17
2020-10-18,1,age18-49
2020-10-18,1,age50-64
2020-10-18,1,age12-17
2020-10-17,4,age18-49
2020-10-17,2,age50-64
2020-10-17,3,age65
2020-10-16,13,age18-49
2020-10-16,7,age50-64
2020-10-16,5,age65
2020-10-15,10,age18-49
2020-10-15,9,age50-64
2020-10-15,7,age65
2020-10-14,14,age18-49
2020-10-14,10,age50-64
2020-10-14,6,age65
2020-10-13,16,age18-49
2020-10-13,7,age50-64
2020-10-13,6,age65
2020-10-12,18,age18-49
2020-10-12,6,age50-64
2020-10-12,4,age65
2020-10-11,1,age50-64
2020-10-11,1,age65
2020-10-10,10,age18-49
2020-10-10,4,age50-64
2020-10-10,8,age65
2020-10-09,12,age18-49
2020-10-09,9,age50-64
2020-10-09,17,age65
2020-10-09,1,age12-17
2020-10-08,18,age18-49
2020-10-08,9,age50-64
2020-10-08,8,age65
2020-10-07,15,age18-49
2020-10-07,9,age50-64
2020-10-07,8,age65
2020-10-07,1,age12-17
2020-10-06,9,age18-49
2020-10-06,11,age50-64
2020-10-06,7,age65
2020-10-05,8,age18-49
2020-10-05,9,age50-64
2020-10-05,6,age65
2020-10-04,2,age18-49
2020-10-03,5,age18-49
2020-10-03,1,age50-64
2020-10-03,7,age65
2020-10-02,11,age18-49
2020-10-02,10,age50-64
2020-10-02,5,age65
2020-10-01,14,age18-49
2020-10-01,15,age50-64
2020-10-01,18,age65
2020-10-01,1,age5-11
2020-09-30,17,age18-49
2020-09-30,16,age50-64
2020-09-30,15,age65
2020-09-30,1,age12-17
2020-09-29,20,age18-49
2020-09-29,16,age50-64
2020-09-29,13,age65
2020-09-28,25,age18-49
2020-09-28,11,age50-64
2020-09-28,16,age65
2020-09-27,1,age65
2020-09-26,4,age18-49
2020-09-26,1,age50-64
2020-09-26,3,age65
2020-09-25,26,age18-49
2020-09-25,32,age50-64
2020-09-25,6,age65
2020-09-24,24,age18-49
2020-09-24,18,age50-64
2020-09-24,13,age65
2020-09-23,39,age18-49
2020-09-23,30,age50-64
2020-09-23,22,age65
2020-09-22,31,age18-49
2020-09-22,23,age50-64
2020-09-22,23,age65
2020-09-21,41,age18-49
2020-09-21,21,age50-64
2020-09-21,14,age65
2020-09-21,1,age12-17
2020-09-20,3,age18-49
2020-09-20,3,age50-64
2020-09-20,4,age65
2020-09-20,1,age12-17
2020-09-19,5,age18-49
2020-09-19,4,age50-64
2020-09-19,4,age65
2020-09-18,34,age18-49
2020-09-18,17,age50-64
2020-09-18,17,age65
2020-09-17,23,age18-49
2020-09-17,24,age50-64
2020-09-17,15,age65
2020-09-16,25,age18-49
2020-09-16,16,age50-64
2020-09-16,19,age65
2020-09-16,1,age12-17
2020-09-15,27,age18-49
2020-09-15,25,age50-64
2020-09-15,21,age65
2020-09-14,33,age18-49
2020-09-14,26,age50-64
2020-09-14,12,age65
2020-09-13,2,age18-49
2020-09-13,1,age50-64
2020-09-13,1,age65
2020-09-12,13,age18-49
2020-09-12,6,age50-64
2020-09-12,6,age65
2020-09-11,27,age18-49
2020-09-11,24,age50-64
2020-09-11,19,age65
2020-09-10,24,age18-49
2020-09-10,31,age50-64
2020-09-10,17,age65
2020-09-09,33,age18-49
2020-09-09,29,age50-64
2020-09-09,31,age65
2020-09-08,39,age18-49
2020-09-08,29,age50-64
2020-09-08,23,age65
2020-09-07,2,age18-49
2020-09-07,1,age50-64
2020-09-06,1,age50-64
2020-09-05,2,age18-49
2020-09-05,3,age50-64
2020-09-05,10,age65
2020-09-04,24,age18-49
2020-09-04,30,age50-64
2020-09-04,19,age65
2020-09-03,23,age18-49
2020-09-03,27,age50-64
2020-09-03,15,age65
2020-09-02,25,age18-49
2020-09-02,20,age50-64
2020-09-02,19,age65
2020-09-02,1,age12-17
2020-09-01,41,age18-49
2020-09-01,31,age50-64
2020-09-01,33,age65
2020-09-01,1,age5-11
2020-08-31,33,age18-49
2020-08-31,28,age50-64
2020-08-31,23,age65
2020-08-30,1,age18-49
2020-08-30,1,age50-64
2020-08-30,1,age65
2020-08-30,1,age5-11
2020-08-29,3,age18-49
2020-08-29,3,age50-64
2020-08-29,5,age65
2020-08-28,25,age18-49
2020-08-28,20,age50-64
2020-08-28,15,age65
2020-08-27,20,age18-49
2020-08-27,22,age50-64
2020-08-27,19,age65
2020-08-27,1,age12-17
2020-08-26,23,age18-49
2020-08-26,23,age50-64
2020-08-26,14,age65
2020-08-25,24,age18-49
2020-08-25,9,age50-64
2020-08-25,12,age65
2020-08-24,12,age18-49
2020-08-24,19,age50-64
2020-08-24,11,age65
2020-08-23,2,age18-49
2020-08-23,2,age65
2020-08-22,5,age18-49
2020-08-22,5,age50-64
2020-08-22,4,age65
2020-08-21,20,age18-49
2020-08-21,16,age50-64
2020-08-21,10,age65
2020-08-20,21,age18-49
2020-08-20,11,age50-64
2020-08-20,11,age65
2020-08-19,11,age18-49
2020-08-19,11,age50-64
2020-08-19,8,age65
2020-08-19,1,age12-17
2020-08-18,5,age18-49
2020-08-18,9,age50-64
2020-08-18,8,age65
2020-08-17,15,age18-49
2020-08-17,6,age50-64
2020-08-17,12,age65
2020-08-16,1,age18-49
2020-08-16,2,age50-64
2020-08-16,1,age12-17
2020-08-15,1,age18-49
2020-08-15,1,age65
2020-08-14,11,age18-49
2020-08-14,8,age50-64
2020-08-14,6,age65
2020-08-13,10,age18-49
2020-08-13,16,age50-64
2020-08-13,7,age65
2020-08-12,7,age18-49
2020-08-12,9,age65
2020-08-12,14,age50-64
2020-08-11,9,age18-49
2020-08-11,10,age65
2020-08-11,8,age50-64
2020-08-10,8,age18-49
2020-08-10,8,age65
2020-08-10,10,age50-64
2020-08-10,1,age12-17
2020-08-09,1,age18-49
2020-08-09,1,age65
2020-08-09,1,age50-64
2020-08-08,3,age18-49
2020-08-08,2,age65
2020-08-07,4,age18-49
2020-08-07,2,age65
2020-08-07,6,age50-64
2020-08-06,6,age18-49
2020-08-06,6,age65
2020-08-06,3,age50-64
2020-08-06,1,age12-17
2020-08-05,6,age18-49
2020-08-05,7,age65
2020-08-05,4,age50-64
2020-08-04,7,age18-49
2020-08-04,5,age65
2020-08-04,3,age50-64
2020-08-04,1,age12-17
2020-08-04,1,age5-11
2020-08-03,3,age18-49
2020-08-03,3,age65
2020-08-03,7,age50-64
2020-08-02,3,age65
2020-08-01,5,age18-49
2020-08-01,2,age65
2020-08-01,3,age50-64
2020-08-01,1,age12-17
2020-07-31,4,age18-49
2020-07-31,2,age65
2020-07-30,7,age18-49
2020-07-30,2,age65
2020-07-30,1,age50-64
2020-07-30,1,age12-17
2020-07-29,3,age65
2020-07-29,4,age50-64
2020-07-29,1,age18-49
2020-07-28,2,age65
2020-07-28,2,age18-49
2020-07-27,1,age18-49
2020-07-27,1,age65
2020-07-27,1,age50-64
,,
,,
,,
,,
,,
,,
,,
,,
,,
,,
,,
,,
,,
,,
,,
,,
,,
,,
,,
,,
,,
,,
,,
,,
,,
,,
,,
,,
,,
,,
,,
,,
,,
,,
,,
,,
,,
,,
,,
,,
,,
,,
,,
,,
,,
,,
,,
,,
,,
,,
,,
,,
,,
,,
,,
,,
,,
,,
,,
,,
,,
,,
,,
,,
,,
,,
,,
,,
,,
,,
,,
,,
,,
,,
,,
,,
,,
,,
,,
,,
,,
,,
,,
,,
,,
,,
,,
,,
,,
,,
,,
,,
,,
,,
,,
,,
,,
,,
,,
,,
,,
,,
,,
,,
,,
,,
,,
,,
,,
,,
,,
,,
,,
,,
,,
,,
,,
,,
,,
,,
,,
,,
,,
,,
,,
,,
,,
,,
,,
,,
,,
,,
,,
,,
,,
,,
,,
,,
,,
,,
,,
,,
,,
,,
,,
,,
,,
,,
,,
,,
,,
,,
,,
,,
,,
,,
,,
,,
,,
,,
,,
,,
,,
,,
,,
,,
,,
,,
,,
,,
,,
,,
,,
,,
,,
,,
,,
,,
,,
,,
,,
,,
,,
,,
,,
,,
,,
,,
,,
,,
,,
,,
,,
,,
,,
,,
,,
,,
,,
,,
,,
,,
,,
,,
,,
,,
,,
,,
,,
,,
,,
,,
,,
,,
,,
,,
,,
,,
,,
,,
,,
,,
,,
,,
,,
,,
,,
,,
,,
,,
,,
,,
,,
,,
,,
,,
,,
,,
,,
,,
,,
,,
,,
,,
,,
,,
,,
,,
,,
,,
,,
,,
,,
,,
,,
,,
,,
,,
,,
,,
,,
,,
,,
,,
,,
,,
,,
,,
,,
,,
,,
,,
,,
,,
,,
,,
,,
,,
,,
,,
,,
,,
,,
,,
,,
,,
,,
,,
,,
,,
,,
,,
,,
,,
,,
,,
,,
,,
,,
,,
,,
,,
,,
,,
,,
,,
,,
,,
,,
,,
,,
,,
,,
,,
,,
,,
,,
,,
,,
,,
,,
,,
,,
,,
,,
,,
,,
,,
,,
,,
,,
,,
,,
,,
,,
,,
,,
,,
,,
,,
,,
,,
,,
,,
,,
,,
,,
,,
,,
,,
,,
,,
,,
,,
,,
,,
,,
,,
,,
,,
,,
,,
,,
,,
,,
,,
,,
,,
,,
,,
,,
,,
,,
,,
,,
,,
,,
,,
,,
,,
,,
,,
,,
,,
,,
,,
,,
,,
,,
,,
,,
,,
,,
,,
,,
,,
,,
,,
,,
,,
,,
,,
,,
,,
,,
,,
,,
,,
,,
,,
,,
,,
,,
,,
,,
,,
,,
,,
,,
,,
,,
,,
,,
,,
,,
,,
,,
,,
,,
,,
,,
,,
,,
,,
,,
,,
,,
,,
,,
,,
,,
,,
,,
,,
,,
,,
,,
,,
,,
,,
,,
,,
,,
,,
,,
,,
,,
,,
,,
,,
,,
,,
,,
,,
,,
,,
,,
,,
,,
,,
,,
,,
,,
,,
,,
,,
,,
,,
,,
,,
,,
,,
,,
,,
,,
,,
,,
,,
,,
,,
,,
,,
,,
,,
,,
,,
,,
,,
,,
,,
,,
,,
,,
,,
,,
,,
,,
,,
,,
,,
,,
,,
,,
,,
,,
,,
,,
,,
,,
,,
,,
,,
,,
,,
,,
,,
,,
,,
,,
,,
,,
,,
,,
,,
,,
,,
,,
,,
,,
,,
,,
,,
,,
,,
,,
,,
,,
,,
,,
,,
,,
,,
,,
,,
,,
,,
,,
,,
,,
,,
,,
,,
,,
,,
,,
,,
,,
,,
,,
,,
,,
,,
,,
,,
,,
,,
,,
,,
,,
,,
,,
,,
,,
,,
,,
,,
,,
,,
,,
,,
,,
,,
,,
,,
,,
,,
,,
,,
,,
,,
,,
,,
,,
,,
,,
,,
,,
,,
,,
,,
,,
,,
,,
,,
,,
,,
,,
,,
,,
,,
,,
,,
,,
,,
,,
,,
,,
,,
,,
,,
,,
,,
,,
,,
,,
,,
,,
,,
,,
,,
,,
,,
,,
,,
,,
,,
,,
,,
,,
,,
,,
,,
,,
,,
,,
,,
,,
,,
,,
,,
,,
,,
,,
,,
,,
,,
,,
,,
,,
,,
,,
,,
,,
,,
,,
,,
,,
,,
,,
,,
,,
,,
,,
,,
,,
,,
,,
,,
,,
,,
,,
,,
,,
,,
,,
,,
,,
,,
,,
,,
,,
,,
,,
,,
,,
,,
,,
,,
,,
,,
,,
,,
,,
,,
,,
,,
,,
,,
,,
,,
,,
,,
,,
,,
,,
,,
,,
,,
,,
,,
,,
,,
,,
,,
,,
,,
,,
,,
,,
,,
,,
,,
,,
,,
,,
,,
,,
,,
,,
,,
,,
,,
,,
,,
,,
,,
,,
,,
,,
,,
,,
,,
,,
,,
,,
,,
,,
,,
,,
,,
,,
,,
,,
,,
,,
,,
,,
,,
,,
,,
,,
,,
,,
,,
,,
,,
,,
,,
,,
,,
,,
,,
,,
,,
,,
,,
,,
,,
,,
,,
,,
,,
,,
,,
,,
,,
,,
,,
,,
,,
,,
,,
,,
,,
,,
,,
,,
,,
,,
,,
,,
,,
,,
,,
,,
,,
,,
,,
,,
,,
,,
,,
,,
,,
,,
,,
,,
,,
,,
,,
,,
,,
,,
,,
,,
,,
,,
,,
,,
,,
,,
,,
,,
,,
,,
,,
,,
,,
,,
,,
,,
,,
,,
,,
,,
,,
,,
,,
,,
,,
,,
,,
,,
,,
,,
,,
,,
,,
,,
,,
,,
,,
,,
,,
,,
,,
,,
,,
,,
,,
,,
,,
,,
,,
,,
,,
,,
,,
,,
,,
,,
,,
,,
,,
,,
,,
,,
,,
,,
,,
,,
,,
,,
,,
,,
,,
,,
,,
,,
,,
,,
,,
,,
,,
,,
,,
,,
,,
,,
,,
,,
,,
,,
,,
,,
,,
,,
,,
,,
,,
,,
,,
,,
,,
,,
,,
,,
,,
,,
,,
,,
,,
,,
,,
,,
,,
,,
,,
,,
,,
,,
,,
,,
,,
,,
,,
,,
,,
,,
,,
,,
,,
,,
,,
,,
,,
,,
,,
,,
,,
,,
,,
,,
,,
,,
,,
,,
,,
,,
,,
,,
,,
,,
,,
,,
,,
,,
,,
,,
,,
,,
,,
,,
,,
,,
,,
,,
,,
,,
,,
,,
,,
,,
,,
,,
,,
,,
,,
,,
,,
,,
,,
,,
,,
,,
,,
,,
,,
,,
,,
,,
,,
,,
,,
,,
,,
,,
,,
,,
,,
,,
,,
,,
,,
,,
,,
,,
,,
,,
,,
,,
,,
,,
,,
,,
,,
,,
,,
,,
,,
,,
,,
,,
,,
,,
,,
,,
,,
,,
,,
,,
,,
,,
,,
,,
,,
,,
,,
,,
,,
,,
,,
,,
,,
,,
,,
,,
,,
,,
,,
,,
,,
,,
,,
,,
,,
,,
,,
,,
,,
,,
,,
,,
,,
,,
,,
,,
,,
,,
,,
,,
,,
,,
,,
,,
,,
,,
,,
,,
,,
,,
,,
,,
,,
,,
,,
,,
,,
,,
,,
,,
,,
,,
,,
,,
,,
,,
,,
,,
,,
,,
,,
,,
,,
,,
,,
,,
,,
,,
,,
,,
,,
,,
,,
,,
,,
,,
,,
,,
,,
,,
,,
,,
,,
,,
,,
,,
,,
,,
,,
,,
,,
,,
,,
,,
,,
,,
,,
,,
,,
,,
,,
,,
,,
,,
,,
,,
,,
,,
,,
,,
,,
,,
,,
,,
,,
,,
,,
,,
,,
,,
,,
,,
,,
,,
,,
,,
,,
,,
,,
,,
,,
,,
,,
,,
,,
,,
,,
,,
,,
,,
,,
,,
,,
,,
,,
,,
,,
,,
,,
,,
,,
,,
,,
,,
,,
,,
,,
,,
,,
,,
,,
,,
,,
,,
,,
,,
,,
,,
,,
,,
,,
,,
,,
,,
,,
,,
,,
,,
,,
,,
,,
,,
,,
,,
,,
,,
,,
,,
,,
,,
,,
,,
,,
,,
,,
,,
,,
,,
,,
,,
,,
,,
,,
,,
,,
,,
,,
,,
,,
,,
,,
,,
,,
,,
,,
,,
,,
,,
,,
,,
,,
,,
,,
,,
,,
,,
,,
,,
,,
,,
,,
,,
,,
,,
,,
,,
,,
,,
,,
,,
,,
,,
,,
,,
,,
,,
,,
,,
,,
,,
,,
,,
,,
,,
,,
,,
,,
,,
,,
,,
,,
,,
,,
,,
,,
,,
,,
,,
,,
,,
,,
,,
,,
,,
,,
,,
,,
,,
,,
,,
,,
,,
,,
,,
,,
,,
,,
,,
,,
,,
,,
,,
,,
,,
,,
,,
,,
,,
,,
,,
,,
,,
,,
,,
,,
,,
,,
,,
,,
,,
,,
,,
,,
,,
,,
,,
,,
,,
,,
,,
,,
,,
,,
,,
,,
,,
,,
,,
,,
,,
,,
,,
,,
,,
,,
,,
,,
,,
,,
,,
,,
,,
,,
,,
,,
,,
,,
,,
,,
,,
,,
,,
,,
,,
,,
,,
,,
,,
,,
,,
,,
,,
,,
,,
,,
,,
,,
,,
,,
,,
,,
,,
,,
,,
,,
,,
,,
,,
,,
,,
,,
,,
,,
,,
,,
,,
,,
,,
,,
,,
,,
,,
,,
,,
,,
,,
,,
,,
,,
,,
,,
,,
,,
,,
,,
,,
,,
,,
,,
,,
,,
,,
,,
,,
,,
,,
,,
,,
,,
,,
,,
,,
,,
,,
,,
,,
,,
,,
,,
,,
,,
,,
,,
,,
,,
,,
,,
,,
,,
,,
,,
,,
,,
,,
,,
,,
,,
,,
,,
,,
,,
,,
,,
,,
,,
,,
,,
,,
,,
,,
,,
,,
,,
,,
,,
,,
,,
,,
,,
,,
,,
,,
,,
,,
,,
,,
,,
,,
,,
,,
,,
,,
,,
,,
,,
,,
,,
,,
,,
,,
,,
,,
,,
,,
,,
,,
,,
,,
,,
,,
,,
,,
,,
,,
,,
,,
,,
,,
,,
,,
,,
,,
,,
,,
,,
,,
,,
,,
,,
,,
,,
,,
,,
,,
,,
,,
,,
,,
,,
,,
,,
,,
,,
,,
,,
,,
,,
,,
,,
,,
,,
,,
,,
,,
,,
,,
,,
,,
,,
,,
,,
,,
,,
,,
,,
,,
,,
,,
,,
,,
,,
,,
,,
,,
,,
,,
,,
,,
,,
,,
,,
,,
,,
,,
,,
,,
,,
,,
,,
,,
,,
,,
,,
,,
,,
,,
,,
,,
,,
,,
,,
,,
,,
,,
,,
,,
,,
,,
,,
,,
,,
,,
,,
,,
,,
,,
,,
,,
,,
,,
,,
,,
,,
,,
,,
,,
,,
,,
,,
,,
,,
,,
,,
,,
,,
,,
,,
,,
,,
,,
,,
,,
,,
,,
,,
,,
,,
,,
,,
,,
,,
,,
,,
,,
,,
,,
,,
,,
,,
,,
,,
,,
,,
,,
,,
,,
,,
,,
,,
,,
,,
,,
,,
,,
,,
,,
,,
,,
,,
,,
,,
,,
,,
,,
,,
,,
,,
,,
,,
,,
,,
,,
,,
,,
,,
,,
,,
,,
,,
,,
,,
,,
,,
,,
,,
,,
,,
,,
,,
,,
,,
,,
,,
,,
,,
,,
,,
,,
,,
,,
,,
,,
,,
,,
,,
,,
,,
,,
,,
,,
,,
,,
,,
,,
,,
,,
,,
,,
,,
,,
,,
,,
,,
,,
,,
,,
,,
,,
,,
,,
,,
,,
,,
,,
,,
,,
,,
,,
,,
,,
,,
,,
,,
,,
,,
,,
,,
,,
,,
,,
,,
,,
,,
,,
,,
,,
,,
,,
,,
,,
,,
,,
,,
,,
,,
,,
,,
,,
,,
,,
,,
,,
,,
,,
,,
,,
,,
,,
,,
,,
,,
,,
,,
,,
,,
,,
,,
,,
,,
,,
,,
,,
,,
,,
,,
,,
,,
,,
,,
,,
,,
,,
,,
,,
,,
,,
,,
,,
,,
,,
,,
,,
,,
,,
,,
,,
,,
,,
,,
,,
,,
,,
,,
,,
,,
,,
,,
,,
,,
,,
,,
,,
,,
,,
,,
,,
,,
,,
,,
,,
,,
,,
,,
,,
,,
,,
,,
,,
,,
,,
,,
,,
,,
,,
,,
,,
,,
,,
,,
,,
,,
,,
,,
,,
,,
,,
,,
,,
,,
,,
,,
,,
,,
,,
,,
,,
,,
,,
,,
,,
,,
,,
,,
,,
,,
,,
,,
,,
,,
,,
,,
,,
,,
,,
,,
,,
,,
,,
,,
,,
,,
,,
,,
,,
,,
,,
,,
,,
,,
,,
,,
,,
,,
,,
,,
,,
,,
,,
,,
,,
,,
,,
,,
,,
,,
,,
,,
,,
,,
,,
,,
,,
,,
,,
,,
,,
,,
,,
,,
,,
,,
,,
,,
,,
,,
,,
,,
,,
,,
,,
,,
,,
,,
,,
,,
,,
,,
,,
,,
,,
,,
,,
,,
,,
,,
,,
,,
,,
,,
,,
,,
,,
,,
,,
,,
,,
,,
,,
,,
,,
,,
,,
,,
,,
,,
,,
,,
,,
,,
,,
,,
,,
,,
,,
,,
,,
,,
,,
,,
,,
,,
,,
,,
,,
,,
,,
,,
,,
,,
,,
,,
,,
,,
,,
,,
,,
,,
,,
,,
,,
,,
,,
,,
,,
,,
,,
,,
,,
,,
,,
,,
,,
,,
,,
,,
,,
,,
,,
,,
,,
,,
,,
,,
,,
,,
,,
,,
,,
,,
,,
,,
,,
,,
,,
,,
,,
,,
,,
,,
,,
,,
,,
,,
,,
,,
,,
,,
,,
,,
,,
,,
,,
,,
,,
,,
,,
,,
,,
,,
,,
,,
,,
,,
,,
,,
,,
,,
,,
,,
,,
,,
,,
,,
,,
,,
,,
,,
,,
,,
,,
,,
,,
,,
,,
,,
,,
,,
,,
,,
,,
,,
,,
,,
,,
,,
,,
,,
,,
,,
,,
,,
,,
,,
,,
,,
,,
,,
,,
,,
,,
,,
,,
,,
,,
,,
,,
,,
,,
,,
,,
,,
,,
,,
,,
,,
,,
,,
,,
,,
,,
,,
,,
,,
,,
,,
,,
,,
,,
,,
,,
,,
,,
,,
,,
,,
,,
,,
,,
,,
,,
,,
,,
,,
,,
,,
,,
,,
,,
,,
,,
,,
,,
,,
,,
,,
,,
,,
,,
,,
,,
,,
,,
,,
,,
,,
,,
,,
,,
,,
,,
,,
,,
,,
,,
,,
,,
,,
,,
,,
,,
,,
,,
,,
,,
,,
,,
,,
,,
,,
,,
,,
,,
,,
,,
,,
,,
,,
,,
,,
,,
,,
,,
,,
,,
,,
,,
,,
,,
,,
,,
,,
,,
,,
,,
,,
,,
,,
,,
,,
,,
,,
,,
,,
,,
,,
,,
,,
,,
,,
,,
,,
,,
,,
,,
,,
,,
,,
,,
,,
,,
,,
,,
,,
,,
,,
,,
,,
,,
,,
,,
,,
,,
,,
,,
,,
,,
,,
,,
,,
,,
,,
,,
,,
,,
,,
,,
,,
,,
,,
,,
,,
,,
,,
,,
,,
,,
,,
,,
,,
,,
,,
,,
,,
,,
,,
,,
,,
,,
,,
,,
,,
,,
,,
,,
,,
,,
,,
,,
,,
,,
,,
,,
,,
,,
,,
,,
,,
,,
,,
,,
,,
,,
,,
,,
,,
,,
,,
,,
,,
,,
,,
,,
,,
,,
,,
,,
,,
,,
,,
,,
,,
,,
,,
,,
,,
,,
,,
,,
,,
,,
,,
,,
,,
,,
,,
,,
,,
,,
,,
,,
,,
,,
,,
,,
,,
,,
,,
,,
,,
,,
,,
,,
,,
,,
,,
,,
,,
,,
,,
,,
,,
,,
,,
,,
,,
,,
,,
,,
,,
,,
,,
,,
,,
,,
,,
,,
,,
,,
,,
,,
,,
,,
,,
,,
,,
,,
,,
,,
,,
,,
,,
,,
,,
,,
,,
,,
,,
,,
,,
,,
,,
,,
,,
,,
,,
,,
,,
,,
,,
,,
,,
,,
,,
,,
,,
,,
,,
,,
,,
,,
,,
,,
,,
,,
,,
,,
,,
,,
,,
,,
,,
,,
,,
,,
,,
,,
,,
,,
,,
,,
,,
,,
,,
,,
,,
,,
,,
,,
,,
,,
,,
,,
,,
,,
,,
,,
,,
,,
,,
,,
,,
,,
,,
,,
,,
,,
,,
,,
,,
,,
,,
,,
,,
,,
,,
,,
,,
,,
,,
,,
,,
,,
,,
,,
,,
,,
,,
,,
,,
,,
,,
,,
,,
,,
,,
,,
,,
,,
,,
,,
,,
,,
,,
,,
,,
,,
,,
,,
,,
,,
,,
,,
,,
,,
,,
,,
,,
,,
,,
,,
,,
,,
,,
,,
,,
,,
,,
,,
,,
,,
,,
,,
,,
,,
,,
,,
,,
,,
,,
,,
,,
,,
,,
,,
,,
,,
,,
,,
,,
,,
,,
,,
,,
,,
,,
,,
,,
,,
,,
,,
,,
,,
,,
,,
,,
,,
,,
,,
,,
,,
,,
,,
,,
,,
,,
,,
,,
,,
,,
,,
,,
,,
,,
,,
,,
,,
,,
,,
,,
,,
,,
,,
,,
,,
,,
,,
,,
,,
,,
,,
,,
,,
,,
,,
,,
,,
,,
,,
,,
,,
,,
,,
,,
,,
,,
,,
,,
,,
,,
,,
,,
,,
,,
,,
,,
,,
,,
,,
,,
,,
,,
,,
,,
,,
,,
,,
,,
,,
,,
,,
,,
,,
,,
,,
,,
,,
,,
,,
,,
,,
,,
,,
,,
,,
,,
,,
,,
,,
,,
,,
,,
,,
,,
,,
,,
,,
,,
,,
,,
,,
,,
,,
,,
,,
,,
,,
,,
,,
,,
,,
,,
,,
,,
,,
,,
,,
,,
,,
,,
,,
,,
,,
,,
,,
,,
,,
,,
,,
,,
,,
,,
,,
,,
,,
,,
,,
,,
,,
,,
,,
,,
,,
,,
,,
,,
,,
,,
,,
,,
,,
,,
,,
,,
,,
,,
,,
,,
,,
,,
,,
,,
,,
,,
,,
,,
,,
,,
,,
,,
,,
,,
,,
,,
,,
,,
,,
,,
,,
,,
,,
,,
,,
,,
,,
,,
,,
,,
,,
,,
,,
,,
,,
,,
,,
,,
,,
,,
,,
,,
,,
,,
,,
,,
,,
,,
,,
,,
,,
,,
,,
,,
,,
,,
,,
,,
,,
,,
,,
,,
,,
,,
,,
,,
,,
,,
,,
,,
,,
,,
,,
,,
,,
,,
,,
,,
,,
,,
,,
,,
,,
,,
,,
,,
,,
,,
,,
,,
,,
,,
,,
,,
,,
,,
,,
,,
,,
,,
,,
,,
,,
,,
,,
,,
,,
,,
,,
,,
,,
,,
,,
,,
,,
,,
,,
,,
,,
,,
,,
,,
,,
,,
,,
,,
,,
,,
,,
,,
,,
,,
,,
,,
,,
,,
,,
,,
,,
,,
,,
,,
,,
,,
,,
,,
,,
,,
,,
,,
,,
,,
,,
,,
,,
,,
,,
,,
,,
,,
,,
,,
,,
,,
,,
,,
,,
,,
,,
,,
,,
,,
,,
,,
,,
,,
,,
,,
,,
,,
,,
,,
,,
,,
,,
,,
,,
,,
,,
,,
,,
,,
,,
,,
,,
,,
,,
,,
,,
,,
,,
,,
,,
,,
,,
,,
,,
,,
,,
,,
,,
,,
,,
,,
,,
,,
,,
,,
,,
,,
,,
,,
,,
,,
,,
,,
,,
,,
,,
,,
,,
,,
,,
,,
,,
,,
,,
,,
,,
,,
,,
,,
,,
,,
,,
,,
,,
,,
,,
,,
,,
,,
,,
,,
,,
,,
,,
,,
,,
,,
,,
,,
,,
,,
,,
,,
,,
,,
,,
,,
,,
,,
,,
,,
,,
,,
,,
,,
,,
,,
,,
,,
,,
,,
,,
,,
,,
,,
,,
,,
,,
,,
,,
,,
,,
,,
,,
,,
,,
,,
,,
,,
,,
,,
,,
,,
,,
,,
,,
,,
,,
,,
,,
,,
,,
,,
,,
,,
,,
,,
,,
,,
,,
,,
,,
,,
,,
,,
,,
,,
,,
,,
,,
,,
,,
,,
,,
,,
,,
,,
,,
,,
,,
,,
,,
,,
,,
,,
,,
,,
,,
,,
,,
,,
,,
,,
,,
,,
,,
,,
,,
,,
,,
,,
,,
,,
,,
,,
,,
,,
,,
,,
,,
,,
,,
,,
,,
,,
,,
,,
,,
,,
,,
,,
,,
,,
,,
,,
,,
,,
,,
,,
,,
,,
,,
,,
,,
,,
,,
,,
,,
,,
,,
,,
,,
,,
,,
,,
,,
,,
,,
,,
,,
,,
,,
,,
,,
,,
,,
,,
,,
,,
,,
,,
,,
,,
,,
,,
,,
,,
,,
,,
,,
,,
,,
,,
,,
,,
,,
,,
,,
,,
,,
,,
,,
,,
,,
,,
,,
,,
,,
,,
,,
,,
,,
,,
,,
,,
,,
,,
,,
,,
,,
,,
,,
,,
,,
,,
,,
,,
,,
,,
,,
,,
,,
,,
,,
,,
,,
,,
,,
,,
,,
,,
,,
,,
,,
,,
,,
,,
,,
,,
,,
,,
,,
,,
,,
,,
,,
,,
,,
,,
,,
,,
,,
,,
,,
,,
,,
,,
,,
,,
,,
,,
,,
,,
,,
,,
,,
,,
,,
,,
,,
,,
,,
,,
,,
,,
,,
,,
,,
,,
,,
,,
,,
,,
,,
,,
,,
,,
,,
,,
,,
,,
,,
,,
,,
,,
,,
,,
,,
,,
,,
,,
,,
,,
,,
,,
,,
,,
,,
,,
,,
,,
,,
,,
,,
,,
,,
,,
,,
,,
,,
,,
,,
,,
,,
,,
,,
,,
,,
,,
,,
,,
,,
,,
,,
,,
,,
,,
,,
,,
,,
,,
,,
,,
,,
,,
,,
,,
,,
,,
,,
,,
,,
,,
,,
,,
,,
,,
,,
,,
,,
,,
,,
,,
,,
,,
,,
,,
,,
,,
,,
,,
,,
,,
,,
,,
,,
,,
,,
,,
,,
,,
,,
,,
,,
,,
,,
,,
,,
,,
,,
,,
,,
,,
,,
,,
,,
,,
,,
,,
,,
,,
,,
,,
,,
,,
,,
,,
,,
,,
,,
,,
,,
,,
,,
,,
,,
,,
,,
,,
,,
,,
,,
,,
,,
,,
,,
,,
,,
,,
,,
,,
,,
,,
,,
,,
,,
,,
,,
,,
,,
,,
,,
,,
,,
,,
,,
,,
,,
,,
,,
,,
,,
,,
,,
,,
,,
,,
,,
,,
,,
,,
,,
,,
,,
,,
,,
,,
,,
,,
,,
,,
,,
,,
,,
,,
,,
,,
,,
,,
,,
,,
,,
,,
,,
,,
,,
,,
,,
,,
,,
,,
,,
,,
,,
,,
,,
,,
,,
,,
,,
,,
,,
,,
,,
,,
,,
,,
,,
,,
,,
,,
,,
,,
,,
,,
,,
,,
,,
,,
,,
,,
,,
,,
,,
,,
,,
,,
,,
,,
,,
,,
,,
,,
,,
,,
,,
,,
,,
,,
,,
,,
,,
,,
,,
,,
,,
,,
,,
,,
,,
,,
,,
,,
,,
,,
,,
,,
,,
,,
,,
,,
,,
,,
,,
,,
,,
,,
,,
,,
,,
,,
,,
,,
,,
,,
,,
,,
,,
,,
,,
,,
,,
,,
,,
,,
,,
,,
,,
,,
,,
,,
,,
,,
,,
,,
,,
,,
,,
,,
,,
,,
,,
,,
,,
,,
,,
,,
,,
,,
,,
,,
,,
,,
,,
,,
,,
,,
,,
,,
,,
,,
,,
,,
,,
,,
,,
,,
,,
,,
,,
,,
,,
,,
,,
,,
,,
,,
,,
,,
,,
,,
,,
,,
,,
,,
,,
,,
,,
,,
,,
,,
,,
,,
,,
,,
,,
,,
,,
,,
,,
,,
,,
,,
,,
,,
,,
,,
,,
,,
,,
,,
,,
,,
,,
,,
,,
,,
,,
,,
,,
,,
,,
,,
,,
,,
,,
,,
,,
,,
,,
,,
,,
,,
,,
,,
,,
,,
,,
,,
,,
,,
,,
,,
,,
,,
,,
,,
,,
,,
,,
,,
,,
,,
,,
,,
,,
,,
,,
,,
,,
,,
,,
,,
,,
,,
,,
,,
,,
,,
,,
,,
,,
,,
,,
,,
,,
,,
,,
,,
,,
,,
,,
,,
,,
,,
,,
,,
,,
,,
,,
,,
,,
,,
,,
,,
,,
,,
,,
,,
,,
,,
,,
,,
,,
,,
,,
,,
,,
,,
,,
,,
,,
,,
,,
,,
,,
,,
,,
,,
,,
,,
,,
,,
,,
,,
,,
,,
,,
,,
,,
,,
,,
,,
,,
,,
,,
,,
,,
,,
,,
,,
,,
,,
,,
,,
,,
,,
,,
,,
,,
,,
,,
,,
,,
,,
,,
,,
,,
,,
,,
,,
,,
,,
,,
,,
,,
,,
,,
,,
,,
,,
,,
,,
,,
,,
,,
,,
,,
,,
,,
,,
,,
,,
,,
,,
,,
,,
,,
,,
,,
,,
,,
,,
,,
,,
,,
,,
,,
,,
,,
,,
,,
,,
,,
,,
,,
,,
,,
,,
,,
,,
,,
,,
,,
,,
,,
,,
,,
,,
,,
,,
,,
,,
,,
,,
,,
,,
,,
,,
,,
,,
,,
,,
,,
,,
,,
,,
,,
,,
,,
,,
,,
,,
,,
,,
,,
,,
,,
,,
,,
,,
,,
,,
,,
,,
,,
,,
,,
,,
,,
,,
,,
,,
,,
,,
,,
,,
,,
,,
,,
,,
,,
,,
,,
,,
,,
,,
,,
,,
,,
,,
,,
,,
,,
,,
,,
,,
,,
,,
,,
,,
,,
,,
,,
,,
,,
,,
,,
,,
,,
,,
,,
,,
,,
,,
,,
,,
,,
,,
,,
,,
,,
,,
,,
,,
,,
,,
,,
,,
,,
,,
,,
,,
,,
,,
,,
,,
,,
,,
,,
,,
,,
,,
,,
,,
,,
,,
,,
,,
,,
,,
,,
,,
,,
,,
,,
,,
,,
,,
,,
,,
,,
,,
,,
,,
,,
,,
,,
,,
,,
,,
,,
,,
,,
,,
,,
,,
,,
,,
,,
,,
,,
,,
,,
,,
,,
,,
,,
,,
,,
,,
,,
,,
,,
,,
,,
,,
,,
,,
,,
,,
,,
,,
,,
,,
,,
,,
,,
,,
,,
,,
,,
,,
,,
,,
,,
,,
,,
,,
,,
,,
,,
,,
,,
,,
,,
,,
,,
,,
,,
,,
,,
,,
,,
,,
,,
,,
,,
,,
,,
,,
,,
,,
,,
,,
,,
,,
,,
,,
,,
,,
,,
,,
,,
,,
,,
,,
,,
,,
,,
,,
,,
,,
,,
,,
,,
,,
,,
,,
,,
,,
,,
,,
,,
,,
,,
,,
,,
,,
,,
,,
,,
,,
,,
,,
,,
,,
,,
,,
,,
,,
,,
,,
,,
,,
,,
,,
,,
,,
,,
,,
,,
,,
,,
,,
,,
,,
,,
,,
,,
,,
,,
,,
,,
,,
,,
,,
,,
,,
,,
,,
,,
,,
,,
,,
,,
,,
,,
,,
,,
,,
,,
,,
,,
,,
,,
,,
,,
,,
,,
,,
,,
,,
,,
,,
,,
,,
,,
,,
,,
,,
,,
,,
,,
,,
,,
,,
,,
,,
,,
,,
,,
,,
,,
,,
,,
,,
,,
,,
,,
,,
,,
,,
,,
,,
,,
,,
,,
,,
,,
,,
,,
,,
,,
,,
,,
,,
,,
,,
,,
,,
,,
,,
,,
,,
,,
,,
,,
,,
,,
,,
,,
,,
,,
,,
,,
,,
,,
,,
,,
,,
,,
,,
,,
,,
,,
,,
,,
,,
,,
,,
,,
,,
,,
,,
,,
,,
,,
,,
,,
,,
,,
,,
,,
,,
,,
,,
,,
,,
,,
,,
,,
,,
,,
,,
,,
,,
,,
,,
,,
,,
,,
,,
,,
,,
,,
,,
,,
,,
,,
,,
,,
,,
,,
,,
,,
,,
,,
,,
,,
,,
,,
,,
,,
,,
,,
,,
,,
,,
,,
,,
,,
,,
,,
,,
,,
,,
,,
,,
,,
,,
,,
,,
,,
,,
,,
,,
,,
,,
,,
,,
,,
,,
,,
,,
,,
,,
,,
,,
,,
,,
,,
,,
,,
,,
,,
,,
,,
,,
,,
,,
,,
,,
,,
,,
,,
,,
,,
,,
,,
,,
,,
,,
,,
,,
,,
,,
,,
,,
,,
,,
,,
,,
,,
,,
,,
,,
,,
,,
,,
,,
,,
,,
,,
,,
,,
,,
,,
,,
,,
,,
,,
,,
,,
,,
,,
,,
,,
,,
,,
,,
,,
,,
,,
,,
,,
,,
,,
,,
,,
,,
,,
,,
,,
,,
,,
,,
,,
,,
,,
,,
,,
,,
,,
,,
,,
,,
,,
,,
,,
,,
,,
,,
,,
,,
,,
,,
,,
,,
,,
,,
,,
,,
,,
,,
,,
,,
,,
,,
,,
,,
,,
,,
,,
,,
,,
,,
,,
,,
,,
,,
,,
,,
,,
,,
,,
,,
,,
,,
,,
,,
,,
,,
,,
,,
,,
,,
,,
,,
,,
,,
,,
,,
,,
,,
,,
,,
,,
,,
,,
,,
,,
,,
,,
,,
,,
,,
,,
,,
,,
,,
,,
,,
,,
,,
,,
,,
,,
,,
,,
,,
,,
,,
,,
,,
,,
,,
,,
,,
,,
,,
,,
,,
,,
,,
,,
,,
,,
,,
,,
,,
,,
,,
,,
,,
,,
,,
,,
,,
,,
,,
,,
,,
,,
,,
,,
,,
,,
,,
,,
,,
,,
,,
,,
,,
,,
,,
,,
,,
,,
,,
,,
,,
,,
,,
,,
,,
,,
,,
,,
,,
,,
,,
,,
,,
,,
,,
,,
,,
,,
,,
,,
,,
,,
,,
,,
,,
,,
,,
,,
,,
,,
,,
,,
,,
,,
,,
,,
,,
,,
,,
,,
,,
,,
,,
,,
,,
,,
,,
,,
,,
,,
,,
,,
,,
,,
,,
,,
,,
,,
,,
,,
,,
,,
,,
,,
,,
,,
,,
,,
,,
,,
,,
,,
,,
,,
,,
,,
,,
,,
,,
,,
,,
,,
,,
,,
,,
,,
,,
,,
,,
,,
,,
,,
,,
,,
,,
,,
,,
,,
,,
,,
,,
,,
,,
,,
,,
,,
,,
,,
,,
,,
,,
,,
,,
,,
,,
,,
,,
,,
,,
,,
,,
,,
,,
,,
,,
,,
,,
,,
,,
,,
,,
,,
,,
,,
,,
,,
,,
,,
,,
,,
,,
,,
,,
,,
,,
,,
,,
,,
,,
,,
,,
,,
,,
,,
,,
,,
,,
,,
,,
,,
,,
,,
,,
,,
,,
,,
,,
,,
,,
,,
,,
,,
,,
,,
,,
,,
,,
,,
,,
,,
,,
,,
,,
,,
,,
,,
,,
,,
,,
,,
,,
,,
,,
,,
,,
,,
,,
,,
,,
,,
,,
,,
,,
,,
,,
,,
,,
,,
,,
,,
,,
,,
,,
,,
,,
,,
,,
,,
,,
,,
,,
,,
,,
,,
,,
,,
,,
,,
,,
,,
,,
,,
,,
,,
,,
,,
,,
,,
,,
,,
,,
,,
,,
,,
,,
,,
,,
,,
,,
,,
,,
,,
,,
,,
,,
,,
,,
,,
,,
,,
,,
,,
,,
,,
,,
,,
,,
,,
,,
,,
,,
,,
,,
,,
,,
,,
,,
,,
,,
,,
,,
,,
,,
,,
,,
,,
,,
,,
,,
,,
,,
,,
,,
,,
,,
,,
,,
,,
,,
,,
,,
,,
,,
,,
,,
,,
,,
,,
,,
,,
,,
,,
,,
,,
,,
,,
,,
,,
,,
,,
,,
,,
,,
,,
,,
,,
,,
,,
,,
,,
,,
,,
,,
,,
,,
,,
,,
,,
,,
,,
,,
,,
,,
,,
,,
,,
,,
,,
,,
,,
,,
,,
,,
,,
,,
,,
,,
,,
,,
,,
,,
,,
,,
,,
,,
,,
,,
,,
,,
,,
,,
,,
,,
,,
,,
,,
,,
,,
,,
,,
,,
,,
,,
,,
,,
,,
,,
,,
,,
,,
,,
,,
,,
,,
,,
,,
,,
,,
,,
,,
,,
,,
,,
,,
,,
,,
,,
,,
,,
,,
,,
,,
,,
,,
,,
,,
,,
,,
,,
,,
,,
,,
,,
,,
,,
,,
,,
,,
,,
,,
,,
,,
,,
,,
,,
,,
,,
,,
,,
,,
,,
,,
,,
,,
,,
,,
,,
,,
,,
,,
,,
,,
,,
,,
,,
,,
,,
,,
,,
,,
,,
,,
,,
,,
,,
,,
,,
,,
,,
,,
,,
,,
,,
,,
,,
,,
,,
,,
,,
,,
,,
,,
,,
,,
,,
,,
,,
,,
,,
,,
,,
,,
,,
,,
,,
,,
,,
,,
,,
,,
,,
,,
,,
,,
,,
,,
,,
,,
,,
,,
,,
,,
,,
,,
,,
,,
,,
,,
,,
,,
,,
,,
,,
,,
,,
,,
,,
,,
,,
,,
,,
,,
,,
,,
,,
,,
,,
,,
,,
,,
,,
,,
,,
,,
,,
,,
,,
,,
,,
,,
,,
,,
,,
,,
,,
,,
,,
,,
,,
,,
,,
,,
,,
,,
,,
,,
,,
,,
,,
,,
,,
,,
,,
,,
,,
,,
,,
,,
,,
,,
,,
,,
,,
,,
,,
,,
,,
,,
,,
,,
,,
,,
,,
,,
,,
,,
,,
,,
,,
,,
,,
,,
,,
,,
,,
,,
,,
,,
,,
,,
,,
,,
,,
,,
,,
,,
,,
,,
,,
,,
,,
,,
,,
,,
,,
,,
,,
,,
,,
,,
,,
,,
,,
,,
,,
,,
,,
,,
,,
,,
,,
,,
,,
,,
,,
,,
,,
,,
,,
,,
,,
,,
,,
,,
,,
,,
,,
,,
,,
,,
,,
,,
,,
,,
,,
,,
,,
,,
,,
,,
,,
,,
,,
,,
,,
,,
,,
,,
,,
,,
,,
,,
,,
,,
,,
,,
,,
,,
,,
,,
,,
,,
,,
,,
,,
,,
,,
,,
,,
,,
,,
,,
,,
,,
,,
,,
,,
,,
,,
,,
,,
,,
,,
,,
,,
,,
,,
,,
,,
,,
,,
,,
,,
,,
,,
,,
,,
,,
,,
,,
,,
,,
,,
,,
,,
,,
,,
,,
,,
,,
,,
,,
,,
,,
,,
,,
,,
,,
,,
,,
,,
,,
,,
,,
,,
,,
,,
,,
,,
,,
,,
,,
,,
,,
,,
,,
,,
,,
,,
,,
,,
,,
,,
,,
,,
,,
,,
,,
,,
,,
,,
,,
,,
,,
,,
,,
,,
,,
,,
,,
,,
,,
,,
,,
,,
,,
,,
,,
,,
,,
,,
,,
,,
,,
,,
,,
,,
,,
,,
,,
,,
,,
,,
,,
,,
,,
,,
,,
,,
,,
,,
,,
,,
,,
,,
,,
,,
,,
,,
,,
,,
,,
,,
,,
,,
,,
,,
,,
,,
,,
,,
,,
,,
,,
,,
,,
,,
,,
,,
,,
,,
,,
,,
,,
,,
,,
,,
,,
,,
,,
,,
,,
,,
,,
,,
,,
,,
,,
,,
,,
,,
,,
,,
,,
,,
,,
,,
,,
,,
,,
,,
,,
,,
,,
,,
,,
,,
,,
,,
,,
,,
,,
,,
,,
,,
,,
,,
,,
,,
,,
,,
,,
,,
,,
,,
,,
,,
,,
,,
,,
,,
,,
,,
,,
,,
,,
,,
,,
,,
,,
,,
,,
,,
,,
,,
,,
,,
,,
,,
,,
,,
,,
,,
,,
,,
,,
,,
,,
,,
,,
,,
,,
,,
,,
,,
,,
,,
,,
,,
,,
,,
,,
,,
,,
,,
,,
,,
,,
,,
,,
,,
,,
,,
,,
,,
,,
,,
,,
,,
,,
,,
,,
,,
,,
,,
,,
,,
,,
,,
,,
,,
,,
,,
,,
,,
,,
,,
,,
,,
,,
,,
,,
,,
,,
,,
,,
,,
,,
,,
,,
,,
,,
,,
,,
,,
,,
,,
,,
,,
,,
,,
,,
,,
,,
,,
,,
,,
,,
,,
,,
,,
,,
,,
,,
,,
,,
,,
,,
,,
,,
,,
,,
,,
,,
,,
,,
,,
,,
,,
,,
,,
,,
,,
,,
,,
,,
,,
,,
,,
,,
,,
,,
,,
,,
,,
,,
,,
,,
,,
,,
,,
,,
,,
,,
,,
,,
,,
,,
,,
,,
,,
,,
,,
,,
,,
,,
,,
,,
,,
,,
,,
,,
,,
,,
,,
,,
,,
,,
,,
,,
,,
,,
,,
,,
,,
,,
,,
,,
,,
,,
,,
,,
,,
,,
,,
,,
,,
,,
,,
,,
,,
,,
,,
,,
,,
,,
,,
,,
,,
,,
,,
,,
,,
,,
,,
,,
,,
,,
,,
,,
,,
,,
,,
,,
,,
,,
,,
,,
,,
,,
,,
,,
,,
,,
,,
,,
,,
,,
,,
,,
,,
,,
,,
,,
,,
,,
,,
,,
,,
,,
,,
,,
,,
,,
,,
,,
,,
,,
